,guid,stock,title,summary,published,p_date,sentiment_summary,sentiment_title,title_sentiment,summary_sentiment
0,f4a78afd-b049-3a41-ae0c-98905463aac0,002460.SZ,Arena Minerals Drills 300 Metre Gravel Aquifer Averaging 503 Mg/L Lithium at Sal de la Puna Project; Mobilizes Additional Drill Rigs,"TORONTO, April 11, 2022 (GLOBE NEWSWIRE) -- Arena Minerals Inc. (""Arena"" or the ""Company"") (TSX-V: AN) is pleased to announce it has completed drilling of its first diamond drill hole (DD-02) at the Sal de la Puna Project (“SDLP Project”) located in the Pastos Grandes basin within Salta province, Argentina. The diamond drill hole is located on the Almafuerte claim and intersected a continuous brine column from 140 metres to the total drilled depth of 646 metres. The entire sampled brine column a","Mon, 11 Apr 2022 15:00:00 +0000",002460.SZ_2022-04-11,0.7717,-0.128,0.07|0.93|0.0|-0.128,0.0|0.91|0.09|0.7717
1,ff3917f1-309a-3a00-a6c3-fd5aa55c2788,002460.SZ,Arena Minerals Announces Commencement of Resource Drilling at Sal de la Puna Lithium Project,"TORONTO, Nov. 12, 2021 (GLOBE NEWSWIRE) -- Arena Minerals Inc. (""Arena"" or the ""Company"") (TSX-V: AN) is pleased to announce the commencement of drilling on the Sal de la Puna Project (“SDLP Project”) located in the Pastos Grandes basin within Salta province, Argentina. Arena is operating the drill program on behalf of Sal de la Puna Holdings Ltd., which is jointly owned by Arena (65%) and Ganfeng New Energy Technology Development (Suzhou) Co., Ltd. (“Ganfeng Lithium”; 1772.HK; OTCQX: GNENF) (35","Fri, 12 Nov 2021 12:30:00 +0000",002460.SZ_2021-11-12,0.6124,0.0,0.0|1.0|0.0|0.0,0.0|0.94|0.06|0.6124
2,884f16c2-4700-3e00-be66-1b114b082e2e,002460.SZ,UPDATE 1-China's Ganfeng Lithium inks 3-year supply contract with Tesla,"China's Ganfeng Lithium Co Ltd and its unit GFL International Co Ltd have signed a contract to supply battery-grade lithium products to U.S. electric vehicle (EV) maker Tesla Inc.  Ganfeng, the world's top lithium company by market capitalisation, has already supplied battery-grade lithium to EV producers including Tesla.  The new contract will allow the company and its unit to provide products to Tesla for three years starting from 2022, Ganfeng said on Monday in a filing to the Shenzhen Stock Exchange.","Mon, 01 Nov 2021 10:31:13 +0000",002460.SZ_2021-11-01,0.4019,0.0,0.0|1.0|0.0|0.0,0.0|0.954|0.046|0.4019
3,bfd8eac4-25a9-3863-92b5-09ece456e6db,002460.SZ,Arena Minerals Initiates Comprehensive Work Program Focused on Resource Expansion and Processing at the Sal De La Puna Lithium Project in Argentina,"FIGURE 1 Pastos Grandes Basin claim map showing distribution of existing and proposed drilling on Sal de la Puna Project. THIS NEWS RELEASE IS NOT FOR DISTRIBUTION TO U.S. NEWSWIRE SERVICES OR FOR DISSEMINATION IN THE UNITED STATES TORONTO, Oct. 28, 2021 (GLOBE NEWSWIRE) -- Arena Minerals Inc. (""Arena"" or the ""Company"") (TSX-V: AN) is pleased to announce that the Board of Sal de la Puna Holdings Ltd. has approved a comprehensive development work program for the Sal de la Puna Project. Sal de la","Thu, 28 Oct 2021 11:52:00 +0000",002460.SZ_2021-10-28,0.8816,0.5574,0.0|0.813|0.187|0.5574,0.0|0.876|0.124|0.8816
4,a252c46e-fb67-3bc7-abc5-1672c916385c,002460.SZ,Arena Minerals Announces Closing Second & Final Tranche of Offering With Ganfeng Lithium and Lithium Americas,"THIS NEWS RELEASE IS NOT FOR DISTRIBUTION TO U.S. NEWSWIRE SERVICESOR FOR DISSEMINATION IN THE UNITED STATES TORONTO, Oct. 15, 2021 (GLOBE NEWSWIRE) -- Arena Minerals Inc. (""Arena"" or the ""Company"") (TSX-V: AN) is pleased to announce that it has closed the second and final tranche of its $10 million subscription receipts private placement announced July 12, 2021. William Randall, President and Chief Executive Officer of the Company, commented, “Given the continued international interest in the P","Fri, 15 Oct 2021 12:42:00 +0000",002460.SZ_2021-10-15,0.8567,0.0,0.0|1.0|0.0|0.0,0.0|0.886|0.114|0.8567
5,c41bc392-d88e-312c-a7da-17c81d45b823,SQM,SQM (SQM) Dips More Than Broader Markets: What You Should Know,"In the latest trading session, SQM (SQM) closed at $93.64, marking a -1.86% move from the previous day.","Tue, 26 Jul 2022 21:50:09 +0000",SQM_2022-07-26,0.0,0.0,0.0|1.0|0.0|0.0,0.0|1.0|0.0|0.0
6,747f9cfc-3cad-378a-b226-d9f119f2def6,SQM,Newmont's (NEM) Earnings and Revenues Lag Estimates in Q2,Newmont's (NEM) Q2 earnings reflect the impacts of higher direct operating costs resulting from higher labor costs and higher commodity inputs.,"Mon, 25 Jul 2022 16:16:04 +0000",SQM_2022-07-25,0.0,-0.34,0.231|0.769|0.0|-0.34,0.0|1.0|0.0|0.0
7,b9cb97b3-3b11-39a7-987a-9563c2c33b1f,SQM,Best Growth Stocks to Buy for July 25th,"SQM, DK, and PEB made it to the Zacks Rank #1 (Strong Buy) growth stocks list on July 25, 2022.","Mon, 25 Jul 2022 11:50:11 +0000",SQM_2022-07-25,0.3818,0.7783,0.0|0.469|0.531|0.7783,0.0|0.88|0.12|0.3818
8,71d73a24-e6de-30da-934f-f83a5813e55f,SQM,Valmont (VMI) Earnings & Revenues Surpass Estimates in Q2,Valmont's (VMI) Q2 earnings gain from favorable pricing and higher volumes.,"Fri, 22 Jul 2022 15:58:03 +0000",SQM_2022-07-22,0.7579,0.0,0.0|1.0|0.0|0.0,0.0|0.581|0.419|0.7579
9,d2b26968-fb34-3306-a571-c5aa54ed8213,SQM,Freeport's (FCX) Earnings and Sales Miss Estimates in Q2,Freeport's (FCX) Q2 earnings are impacted by lower realized prices for copper.,"Thu, 21 Jul 2022 15:43:03 +0000",SQM_2022-07-21,-0.296,-0.1531,0.167|0.833|0.0|-0.1531,0.167|0.833|0.0|-0.296
10,be55d1a0-45ef-3759-93c7-b6aff4fb49db,SQM,Steel Dynamics' (STLD) Earnings and Sales Top Estimates in Q2,Steel Dynamics' (STLD) Q2 results benefit from record steel shipments and higher year-over-year steel prices.,"Thu, 21 Jul 2022 15:30:03 +0000",SQM_2022-07-21,0.6249,0.4404,0.0|0.672|0.328|0.4404,0.0|0.718|0.282|0.6249
11,1b0e76de-0eb5-342f-aa89-ebed33074b8a,SQM,3 Undervalued Lithium Stocks to Buy Now,"Although the burgeoning electric vehicle industry organically excites investors, the reality is that infrastructural plays may be more reliable in the long run. Therefore, those who anticipate the broader electrification of mobility may want to focus their attention on undervalued lithium stocks to buy now. First, the companies that mine and produce lithium enjoy a remarkably strong demand profile. As Time recently stated, prices for the underlying commodity are up 400%. Further, experts note th","Thu, 21 Jul 2022 10:30:18 +0000",SQM_2022-07-21,0.8864,0.0,0.0|1.0|0.0|0.0,0.021|0.82|0.159|0.8864
12,df07507f-f257-3833-a92d-e664a35c2949,SQM,SQM (SQM) Stock Sinks As Market Gains: What You Should Know,"SQM (SQM) closed the most recent trading day at $88.76, moving -0.54% from the previous trading session.","Wed, 20 Jul 2022 21:50:09 +0000",SQM_2022-07-20,0.0,0.34,0.0|0.806|0.194|0.34,0.0|1.0|0.0|0.0
13,efbef69f-10c8-3fb7-9123-aed1b5939954,SQM,ATI Inks Multi-Year Supply Agreement With GKN Aerospace,ATI will supply high-value titanium materials for producing commercial and military airframes to GKN Aerospace.,"Wed, 20 Jul 2022 15:02:03 +0000",SQM_2022-07-20,0.0,0.4939,0.0|0.686|0.314|0.4939,0.0|1.0|0.0|0.0
14,ea811b49-7bce-30fd-95e0-08ee6141c164,SQM,Is Nutrien (NTR) Stock Outpacing Its Basic Materials Peers This Year?,Here is how Nutrien (NTR) and SQM (SQM) have performed compared to their sector so far this year.,"Wed, 20 Jul 2022 13:40:01 +0000",SQM_2022-07-20,0.0,0.0,0.0|1.0|0.0|0.0,0.0|1.0|0.0|0.0
15,a275b766-a28a-3006-a61b-a895f441ddee,SQM,Best Growth Stocks to Buy for July 20th,"SQM, GEF, and ICL made it to the Zacks Rank #1 (Strong Buy) growth stocks list on July 20, 2022.","Wed, 20 Jul 2022 12:01:12 +0000",SQM_2022-07-20,0.3818,0.7783,0.0|0.469|0.531|0.7783,0.0|0.88|0.12|0.3818
16,8ed087b5-0bc5-33f9-b7e6-686bd948691a,SQM,What Does Sociedad Química y Minera de Chile S.A.'s (NYSE:SQM) Share Price Indicate?,Today we're going to take a look at the well-established Sociedad Química y Minera de Chile S.A. ( NYSE:SQM ). The...,"Wed, 13 Jul 2022 13:35:55 +0000",SQM_2022-07-13,0.0,0.296,0.0|0.833|0.167|0.296,0.0|1.0|0.0|0.0
17,342ecab2-3f77-34e3-ac7a-04fec5dda641,SQM,Sociedad Quimica (SQM) Shares Pop 61% YTD: What's Driving It?,Sociedad Quimica (SQM) gains on higher prices across its business lines and healthy demand.,"Wed, 13 Jul 2022 10:15:10 +0000",SQM_2022-07-13,0.5574,0.296,0.0|0.804|0.196|0.296,0.085|0.625|0.29|0.5574
18,963893d0-f01a-3312-b993-bb68afee241a,SQM,Looking for Stocks with Positive Earnings Momentum? Check Out These 2 Basic Materials Names,Why investors should use the Zacks Earnings ESP tool to help find stocks that are poised to top quarterly earnings estimates.,"Wed, 06 Jul 2022 13:00:01 +0000",SQM_2022-07-06,0.6705,0.5574,0.0|0.769|0.231|0.5574,0.0|0.735|0.265|0.6705
19,d0e6db52-fb02-3450-8cb0-afb118c2fa92,SQM,5 High Earnings Yield Picks for 2H to Beat the Market Blues,"During times of market weakness, the value investing approach is the key. Consider placing bets on these five high earnings yield value stocks, namely - CBT, RRC, SQM, HSBC and IMO.","Tue, 05 Jul 2022 11:40:11 +0000",SQM_2022-07-05,0.25,0.0,0.0|1.0|0.0|0.0,0.081|0.78|0.139|0.25
20,666ad7c7-e2d7-3b6e-a6aa-b0aaaf634634,SQM,Sociedad Quimica (SQM) Stock Up 73% in 6 Months: Here's Why,Sociedad Quimica (SQM) benefits from higher prices across its business lines and healthy demand.,"Tue, 05 Jul 2022 09:48:09 +0000",SQM_2022-07-05,0.5859,0.0,0.0|1.0|0.0|0.0,0.084|0.618|0.298|0.5859
21,b0b59e92-312f-3cf7-acb2-f0365a9e7d7e,SQM,Those who invested in Sociedad Química y Minera de Chile (NYSE:SQM) three years ago are up 230%,Sociedad Química y Minera de Chile S.A. ( NYSE:SQM ) shareholders have seen the share price descend 18% over the month...,"Tue, 28 Jun 2022 12:12:45 +0000",SQM_2022-06-28,0.296,0.0,0.0|1.0|0.0|0.0,0.0|0.885|0.115|0.296
22,e05762f6-9f2b-3605-a799-1c9e9c91385e,SQM,Here's Why You Should Buy Sociedad Quimica (SQM) Stock Right Now,"Sociedad Quimica (SQM) gains on higher realized prices, strength in its lithium business and strong demand.","Thu, 23 Jun 2022 11:43:11 +0000",SQM_2022-06-23,0.8126,0.0,0.0|1.0|0.0|0.0,0.067|0.536|0.397|0.8126
23,9d4fd859-f4f2-3992-a11a-f42cb4c08a93,SQM,IBD Stock Of The Day: Lithium Play SQM Springs Bullishly Off Key Level,"SQM, or Sociedad Quimica y Minera de Chile, is IBD Stock Of The Day as the lithium play revs up output faster than rivals.","Tue, 21 Jun 2022 20:37:51 +0000",SQM_2022-06-21,0.34,0.34,0.0|0.833|0.167|0.34,0.0|0.902|0.098|0.34
24,88bbc44d-c773-32cd-89fb-1c9fab168d93,SQM,7 Lithium Stocks to Sell if You Believe the Boom Is Over,"Top investment bank Goldman Sachs believes that the bull market for lithium is over. The bank sees prices on a downward trajectory for the next couple of years, with a substantial correction from today’s levels. Moreover, it is of the view that today’s lithium prices are a “fundamental mispricing [that] has, in turn, generated an outsized supply response well ahead of the demand trend in focus.” Consequently, the report led to a selloff in lithium stocks with massive losses across the board. 7 T","Fri, 17 Jun 2022 12:45:17 +0000",SQM_2022-06-17,0.128,0.0,0.0|1.0|0.0|0.0,0.051|0.881|0.069|0.128
25,86439148-b1b7-3564-88dd-e4d353339b2b,ALB,Vale (VALE) to Report Q2 Earnings: What's in the Cards?,"Vale's (VALE) second-quarter 2022 results are likely to reflect the impact of lower iron ore, copper and nickel prices as well as higher diesel and freight costs.","Tue, 26 Jul 2022 15:18:03 +0000",ALB_2022-07-26,-0.0258,0.0,0.0|1.0|0.0|0.0,0.075|0.853|0.072|-0.0258
26,82e1d630-7838-37c4-8342-17e807e18545,ALB,Looking for Stocks with Positive Earnings Momentum? Check Out These 2 Basic Materials Names,Finding stocks expected to beat quarterly earnings estimates becomes an easier task with our Zacks Earnings ESP.,"Tue, 26 Jul 2022 13:00:01 +0000",ALB_2022-07-26,0.4215,0.5574,0.0|0.769|0.231|0.5574,0.0|0.851|0.149|0.4215
27,a8bc8826-f672-3570-ba56-a8e58c229671,ALB,Linde (LIN) Gears Up for Q2 Earnings: What's in the Cards?,Higher industrial production is likely to have aided Linde's (LIN) Q2 earnings.,"Tue, 26 Jul 2022 11:37:11 +0000",ALB_2022-07-26,0.0,0.0,0.0|1.0|0.0|0.0,0.0|1.0|0.0|0.0
28,0b62e205-0f4b-3deb-89ce-9ee6f91787d4,ALB,U.S. Steel (X) to Report Q2 Earnings: What's in the Cards?,Healthy end-market demand and higher year-over-year selling prices are likely to have supported U.S. Steel's (X) second-quarter results.,"Tue, 26 Jul 2022 10:41:10 +0000",ALB_2022-07-26,0.5423,0.0,0.0|1.0|0.0|0.0,0.07|0.698|0.233|0.5423
29,579d9fff-a790-33f7-97bb-a9db6805d926,ALB,Eastman Chemical (EMN) to Post Q2 Earnings: Factors at Play,Eastman Chemical (EMN) is likely to have gained from productivity actions and innovation amid headwinds from higher input and energy costs in Q2.,"Tue, 26 Jul 2022 10:41:10 +0000",ALB_2022-07-26,0.743,0.34,0.0|0.789|0.211|0.34,0.0|0.733|0.267|0.743
30,1418a846-53dc-34af-9615-89d56650be4d,ALB,Is ProShares S&P 500 Dividend Aristocrats ETF (NOBL) a Strong ETF Right Now?,Smart Beta ETF report for NOBL,"Tue, 26 Jul 2022 10:20:10 +0000",ALB_2022-07-26,0.4019,0.5106,0.0|0.769|0.231|0.5106,0.0|0.649|0.351|0.4019
31,4cd31ecb-eb49-3007-aa78-c91f57d686be,ALB,Nexa Resources (NEXA) to Report Q2 Earnings: What's in Store?,"Nexa Resources' (NEXA) second-quarter 2022 results are likely to reflect lower metal sales, higher production levels and inflated operating costs.","Mon, 25 Jul 2022 14:55:02 +0000",ALB_2022-07-25,-0.296,0.0,0.0|1.0|0.0|0.0,0.104|0.896|0.0|-0.296
32,4a299cdd-a41e-328b-a567-8510487aac2c,ALB,"Cleveland-Cliffs (CLF) Earnings Lag Estimates in Q2, Sales Beat",Higher average selling prices drive Cleveland-Cliffs' (CLF) revenues in the second quarter.,"Mon, 25 Jul 2022 11:09:11 +0000",ALB_2022-07-25,0.0,-0.34,0.231|0.769|0.0|-0.34,0.0|1.0|0.0|0.0
33,99ab23e3-ab5f-3a8b-ae82-85acdc25e8a3,ALB,Albemarle (ALB) Dips More Than Broader Markets: What You Should Know,"In the latest trading session, Albemarle (ALB) closed at $221.46, marking a -1.84% move from the previous day.","Fri, 22 Jul 2022 21:50:09 +0000",ALB_2022-07-22,0.0,0.0,0.0|1.0|0.0|0.0,0.0|1.0|0.0|0.0
34,935c1f17-0183-3574-a05d-a593d1d1c9c2,ALB,Albemarle (ALB) Crossed Above the 50-Day Moving Average: What That Means for Investors,Should investors be excited or worried when a stock crosses above the 50-Day simple moving average?,"Fri, 22 Jul 2022 13:30:01 +0000",ALB_2022-07-22,0.0516,0.0,0.0|1.0|0.0|0.0,0.125|0.739|0.136|0.0516
35,7490ae52-3b44-3822-a547-f907e3b93ef1,ALB,"If You Invested $1000 in Albemarle a Decade Ago, This is How Much It'd Be Worth Now",Holding on to popular or trending stocks for the long-term can make your portfolio a winner.,"Fri, 22 Jul 2022 12:30:12 +0000",ALB_2022-07-22,0.765,0.2263,0.0|0.888|0.112|0.2263,0.0|0.663|0.337|0.765
36,7b2a3318-f5e9-3133-a732-4cdf144d3970,ALB,"PPG Industries (PPG) Q2 Earnings Top Estimates, Sales Lag","PPG Industries (PPG) gains on price hike actions and contributions from acquisitions in Q2 amid headwinds from cost inflation, disruptions in China and weaker demand in Europe.","Fri, 22 Jul 2022 11:46:11 +0000",ALB_2022-07-22,-0.5267,-0.1531,0.214|0.625|0.161|-0.1531,0.211|0.714|0.075|-0.5267
37,40f161d5-394f-332c-9100-8dbaaed71a0f,ALB,Reliance Steel (RS) to Post Q2 Earnings: What's in the Cards?,"Reliance Steel (RS) is expected to have gained from strong end-market demand, contributions of acquisitions and higher year over year selling prices in Q2.","Fri, 22 Jul 2022 11:41:11 +0000",ALB_2022-07-22,0.6597,0.0,0.0|1.0|0.0|0.0,0.053|0.739|0.208|0.6597
38,538f41bb-038c-3985-83fb-c6adee8e237a,ALB,Is a Beat in Store for Bunge Limited (BG) in Q2 Earnings?,Bunge Limited's (BG) second-quarter results are likely to reflect favorable markets in the agribusiness and Refined and Specialty Oils segments.,"Thu, 21 Jul 2022 14:30:02 +0000",ALB_2022-07-21,0.4767,-0.2263,0.16|0.84|0.0|-0.2263,0.0|0.86|0.14|0.4767
39,e06e0c4f-de76-3c41-9efc-b2dad9d19dad,ALB,Nucor's (NUE) Q2 Earnings and Revenues Top on Higher Prices,Nucor's (NUE) Q2 earnings were driven by higher selling prices. It sees earnings in the steel mills segment to be sequentially lower in the third quarter.,"Thu, 21 Jul 2022 13:17:01 +0000",ALB_2022-07-21,-0.296,0.2023,0.0|0.833|0.167|0.2023,0.081|0.919|0.0|-0.296
40,607cc310-0e50-3283-b53b-4aecabd3b64b,ALB,Newmont (NEM) to Report Q2 Earnings: What's in the Offing?,Newmont's (NEM) Q2 results are expected to reflect the benefits of higher realized prices and improved grades across a number of mines.,"Thu, 21 Jul 2022 12:27:12 +0000",ALB_2022-07-21,0.7184,0.0,0.0|1.0|0.0|0.0,0.0|0.72|0.28|0.7184
41,d06ba37f-c69f-3716-a774-a816d70ed160,LTHM,"General Motors’ Income Tumbles 40% on China Loss, Parts Shortages","The auto maker’s net profit tumbled 40% in the second quarter, reflecting challenges with supply-chain disruptions.","Tue, 26 Jul 2022 17:27:00 +0000",LTHM_2022-07-26,0.2023,-0.4404,0.328|0.672|0.0|-0.4404,0.122|0.663|0.214|0.2023
42,c33beb2f-9131-35a5-abcf-e11534891497,LTHM,GM Announces Big EV Battery Deals as It Targets Tesla,The auto maker announces a couple of deals to secure all the battery materials it needs through mid-decade.,"Tue, 26 Jul 2022 15:26:00 +0000",LTHM_2022-07-26,0.34,0.0,0.0|1.0|0.0|0.0,0.0|0.87|0.13|0.34
43,00c98a12-49f4-3a96-a444-f7a2f7961ba0,LTHM,Livent (LTHM) Earnings Expected to Grow: Should You Buy?,Livent (LTHM) possesses the right combination of the two key ingredients for a likely earnings beat in its upcoming report. Get prepared with the key expectations.,"Tue, 26 Jul 2022 14:01:02 +0000",LTHM_2022-07-26,0.2263,0.0,0.0|1.0|0.0|0.0,0.0|0.927|0.073|0.2263
44,e1ca1e0b-c511-3df1-9043-eeb7c608569b,LTHM,Philadelphia-based Livent's shares rise with GM electric vehicle deal,"Livent will help power GM's next generation of electric vehicles including the Chevrolet Blazer EV, Chevrolet Silverado EV, GMC Hummer EV and Cadillac Lyriq.","Tue, 26 Jul 2022 13:23:51 +0000",LTHM_2022-07-26,0.4019,0.296,0.0|0.784|0.216|0.296,0.0|0.895|0.105|0.4019
45,486dcb20-fd61-3030-96b6-157d1559f8be,LTHM,General Motors and Livent Enter Long-Term Lithium Hydroxide Supply Agreement,"Livent and General Motors Co. announced today a significant multi-year sourcing agreement in which Livent will supply GM with battery-grade lithium hydroxide made primarily from lithium extracted at Livent's brine-based operations in South America. Lithium hydroxide is crucial to GM's plans to make higher performance, higher mileage EVs. The lithium hydroxide from Livent will be used in GM's Ultium battery cathodes, which will power electric vehicles such as the recently revealed Chevrolet Blaze","Tue, 26 Jul 2022 11:03:00 +0000",LTHM_2022-07-26,0.6124,0.4939,0.0|0.738|0.262|0.4939,0.0|0.933|0.067|0.6124
46,4f25935d-1182-3904-a83f-a042cdab24e2,LTHM,"GM signs agreements with suppliers, on course to reach 1 million EV capacity by 2025","With the latest deals, GM said it had lined up supplies for all battery raw materials, including lithium, nickel, cobalt and cathode active material, and was on course to reach its goal of producing 1 million EVs annually in North America by end-2025.  LG Chem will supply GM with 968,000 tons of cathode material starting in the second half of 2022 through 2030, enough for about 5 million EVs, GM said.","Tue, 26 Jul 2022 10:07:30 +0000",LTHM_2022-07-26,0.4215,0.296,0.0|0.789|0.211|0.296,0.0|0.946|0.054|0.4215
47,2c8be749-5422-3aef-a019-1cb13515f0f2,LTHM,Livent (LTHM) Outpaces Stock Market Gains: What You Should Know,"Livent (LTHM) closed the most recent trading day at $23.03, moving +0.79% from the previous trading session.","Mon, 25 Jul 2022 22:00:10 +0000",LTHM_2022-07-25,0.0,0.34,0.0|0.789|0.211|0.34,0.0|1.0|0.0|0.0
48,aca78515-c8c0-3444-9fd2-3c82e9fd8687,LTHM,Livent (LTHM) Dips More Than Broader Markets: What You Should Know,"Livent (LTHM) closed at $22.85 in the latest trading session, marking a -1.38% move from the prior day.","Fri, 22 Jul 2022 22:15:10 +0000",LTHM_2022-07-22,0.0,0.0,0.0|1.0|0.0|0.0,0.0|1.0|0.0|0.0
49,edbe8623-57d6-3d2f-9086-a44aa8dc0575,LTHM,Livent Corp Stock Has Composite Rating  Jump To 97,"On Friday, Livent Corp got an upgrade for its IBD SmartSelect Composite Rating from 92 to 97. The upgrade means the stock is now outpacing 97% of all other stocks in terms of key performance metrics and technical strength.","Fri, 22 Jul 2022 18:20:00 +0000",LTHM_2022-07-22,0.4939,0.0,0.0|1.0|0.0|0.0,0.0|0.922|0.078|0.4939
50,38108617-2892-3f79-836e-45d5cd0acde9,LTHM,Can Livent (LTHM) Keep the Earnings Surprise Streak Alive?,Livent (LTHM) has an impressive earnings surprise history and currently possesses the right combination of the two key ingredients for a likely beat in its next quarterly report.,"Mon, 18 Jul 2022 16:10:04 +0000",LTHM_2022-07-18,0.6597,0.5719,0.0|0.598|0.402|0.5719,0.0|0.822|0.178|0.6597
51,1a00dddc-433a-3cbb-af43-256f50316f84,LTHM,Livent (LTHM) Gains But Lags Market: What You Should Know,"Livent (LTHM) closed at $20.24 in the latest trading session, marking a +0.7% move from the prior day.","Fri, 15 Jul 2022 22:15:10 +0000",LTHM_2022-07-15,0.0,-0.3716,0.251|0.618|0.131|-0.3716,0.0|1.0|0.0|0.0
52,27df33a4-c458-3726-8d01-a051573fdbbf,LTHM,Will Lithium Giant Livent's Earnings Crush Expectations Again?,"Livent stock soared 30% after last quarter's earnings release, so investors probably have high expectations for the second-quarter report.","Mon, 11 Jul 2022 14:00:00 +0000",LTHM_2022-07-11,0.0,-0.1531,0.186|0.814|0.0|-0.1531,0.0|1.0|0.0|0.0
53,b4f88d18-973d-3029-a6ee-6fe84bcdb2c9,LTHM,Livent (LTHM) Gains As Market Dips: What You Should Know,"Livent (LTHM) closed the most recent trading day at $22.25, moving +1.64% from the previous trading session.","Fri, 08 Jul 2022 22:15:10 +0000",LTHM_2022-07-08,0.0,0.34,0.0|0.789|0.211|0.34,0.0|1.0|0.0|0.0
54,50efc355-7424-35c2-9f0a-e5fab9d74348,LTHM,Livent Announces Date for Second Quarter 2022 Earnings Release and Webcast Conference Call,"Livent Corporation (NYSE: LTHM) today announced it will release its second quarter 2022 earnings on Tuesday, August 2, 2022, after stock market close via PR Newswire and the company's website at: http://www.livent.com.","Fri, 08 Jul 2022 20:05:00 +0000",LTHM_2022-07-08,0.0,0.0,0.0|1.0|0.0|0.0,0.0|1.0|0.0|0.0
55,c7b836f2-701f-3261-b86e-d2631349d33c,LTHM,Livent Publishes 2021 Sustainability Report,"Livent Corporation (NYSE: LTHM) today published its 2021 Sustainability Report. With the theme of Growing Responsibly, the report details the company's progress in 2021 and reaffirms its commitment to responsible production through its focus on environmental protection, social responsibility and transparency.","Wed, 06 Jul 2022 14:38:00 +0000",LTHM_2022-07-06,0.8126,0.0,0.0|1.0|0.0|0.0,0.0|0.797|0.203|0.8126
56,2d439bd0-ec40-3731-a360-aa16477aea51,LTHM,When Should You Buy Livent Corporation (NYSE:LTHM)?,"Livent Corporation ( NYSE:LTHM ), is not the largest company out there, but it saw significant share price movement...","Mon, 04 Jul 2022 10:15:06 +0000",LTHM_2022-07-04,0.6124,0.0,0.0|1.0|0.0|0.0,0.0|0.762|0.238|0.6124
57,569e56b7-625e-3c7e-acf8-3aaf5eebf4ed,LTHM,Livent (LTHM) Stock Moves -0.44%: What You Should Know,"Livent (LTHM) closed the most recent trading day at $22.69, moving -0.44% from the previous trading session.","Thu, 30 Jun 2022 22:15:10 +0000",LTHM_2022-06-30,0.0,0.0,0.0|1.0|0.0|0.0,0.0|1.0|0.0|0.0
58,59b5c39c-79b1-390b-8c14-9294607bf331,LTHM,Implied Volatility Surging for Livent (LTHM) Stock Options,Investors need to pay close attention to Livent (LTHM) stock based on the movements in the options market lately.,"Thu, 23 Jun 2022 12:46:12 +0000",LTHM_2022-06-23,-0.1027,0.0,0.0|1.0|0.0|0.0,0.072|0.928|0.0|-0.1027
59,5eea6570-501f-3aab-8c1a-f6d8f208c690,LAC,Lithium Americas Celebrates Inauguration of Lithium Technical Development Center in Nevada and Provides Thacker Pass Update,"Inauguration of Lithium Technical Development Center in Reno, Nevada In photo front left to right: Brian Sandoval, University of Nevada, Reno President; Jonathan Evans, President & CEO; Steve Sisolak, Governor of Nevada; Littlestar Abel; Maria Anderson, the Company’s Community Relations Manager; members of the Tribe; and Lithium Americas’ staff. VANCOUVER, British Columbia, July 20, 2022 (GLOBE NEWSWIRE) -- Lithium Americas Corp. (TSX: LAC) (NYSE: LAC) (""Lithium Americas"" or the ""Company"") celeb","Wed, 20 Jul 2022 20:57:00 +0000",LAC_2022-07-20,0.0,0.5719,0.0|0.802|0.198|0.5719,0.0|1.0|0.0|0.0
60,d66ec13a-cf8a-3668-bc70-337b0a82b6cc,LAC,Lithium Americas Publishes 2021 ESG-S Report,"VANCOUVER, British Columbia, July 19, 2022 (GLOBE NEWSWIRE) -- Lithium Americas Corp. (TSX: LAC) (NYSE: LAC) (""Lithium Americas"" or the ""Company"") today published its 2021 Environment, Social, Governance and Safety (ESG-S) Report (the “Report”). The Report themed Enabling Transition, reaffirms the Company’s commitment to responsible development and production, as well as highlights the Company’s ESG-S practices and overall progress made over the past two years (reporting period of January 1, 202","Tue, 19 Jul 2022 12:58:00 +0000",LAC_2022-07-19,0.891,0.0,0.0|1.0|0.0|0.0,0.0|0.84|0.16|0.891
61,547dc235-132c-38ef-ba71-5537ae8a4319,LAC,Lithium Americas Corp. (LAC) Stock Sinks As Market Gains: What You Should Know,"Lithium Americas Corp. (LAC) closed the most recent trading day at $20.34, moving -1.12% from the previous trading session.","Fri, 15 Jul 2022 21:45:09 +0000",LAC_2022-07-15,0.0,0.34,0.0|0.833|0.167|0.34,0.0|1.0|0.0|0.0
62,cbda3d69-4a6c-32f3-b1b1-5dc93fd0039a,LAC,Lithium Americas Corp. (LAC) Dips More Than Broader Markets: What You Should Know,"In the latest trading session, Lithium Americas Corp. (LAC) closed at $20.57, marking a -1.11% move from the previous day.","Thu, 14 Jul 2022 21:50:09 +0000",LAC_2022-07-14,0.0,0.0,0.0|1.0|0.0|0.0,0.0|1.0|0.0|0.0
63,658009fa-8d0f-3c06-bbc0-4fa1bfe72c0a,LAC,Looking for Stocks with Positive Earnings Momentum? Check Out These 2 Basic Materials Names,Investors looking for ways to find stocks that are set to beat quarterly earnings estimates should check out the Zacks Earnings ESP.,"Mon, 27 Jun 2022 13:00:01 +0000",LAC_2022-06-27,0.0,0.5574,0.0|0.769|0.231|0.5574,0.0|1.0|0.0|0.0
64,49a9290e-e283-3dec-b641-cf92263a6e87,LAC,7 Top Lithium Stocks for the Second Half of 2022,"Goldman Sachs just made lithium stocks even more attractive. Just days ago, the firm said that lithium prices could fall about 10% this year, and as much as 73% next year. But they’re wrong. For one, as noted by Bloomberg, “Benchmark disputes Goldman’s forecast that a flood of new production is on its way, and that prices will crater as a result.” Benchmark also says the lithium market will remain short until 2025. Moreover, Bloomberg also noted that “Matt Fernley, the London-based managing dire","Mon, 27 Jun 2022 11:45:33 +0000",LAC_2022-06-27,-0.8659,0.2023,0.0|0.816|0.184|0.2023,0.119|0.858|0.023|-0.8659
65,23d20a19-43fd-3fb5-b319-ce819e58e61a,LAC,Lithium Americas Corp. (LAC) Gains But Lags Market: What You Should Know,"Lithium Americas Corp. (LAC) closed the most recent trading day at $21.82, moving +1.39% from the previous trading session.","Fri, 24 Jun 2022 21:50:09 +0000",LAC_2022-06-24,0.0,-0.3716,0.217|0.669|0.114|-0.3716,0.0|1.0|0.0|0.0
66,b51104ba-1840-38e2-90b1-5147746c79cb,LAC,5 Growth Stocks to Buy for 5-Bagger Returns in 5 Years,"When the markets crashed due to the pandemic, it seemed like the end of the world. However, dozens of stocks delivered multi-fold returns over the next 12-18 months. The euphoric rally in growth stocks was largely over towards the end of 2021. A key reason being contractionary policies coupled with toned down growth expectations. As the markets correct, there is pessimism among investors. However, the stage is also being set for the next rally. Over decades, markets have continued to remain in a","Thu, 23 Jun 2022 23:29:22 +0000",LAC_2022-06-23,0.8555,0.3818,0.0|0.755|0.245|0.3818,0.028|0.841|0.132|0.8555
67,44dfecf9-5619-3f6b-93b1-4429c16d0ca9,LAC,Lithium Americas Announces 2022 AGM Results,"VANCOUVER, British Columbia, June 21, 2022 (GLOBE NEWSWIRE) -- Lithium Americas Corp. (TSX: LAC) (NYSE: LAC) (“Lithium Americas” or the “Company”) is pleased to announce the voting results from its annual meeting of shareholders held on June 21, 2022 (the “Meeting”). A requisite majority of shareholders, casting votes in person or by proxy, approved the following items of business at the Meeting: setting the size of the Board of Directors at nine;electing each of the nine incumbent directors nom","Tue, 21 Jun 2022 21:15:00 +0000",LAC_2022-06-21,0.6908,0.0,0.0|1.0|0.0|0.0,0.0|0.93|0.07|0.6908
68,0013818f-eade-3680-8849-68b90c462ce8,LAC,3 Battery Stocks to Buy Before They Boom,"Although electric vehicles have garnered intense interest lately, investors may be better served focusing on infrastructure-related battery stocks to buy rather than individual EV players. With so many new upstarts in the electrification of transportation, it defies probabilities that all of them will enjoy significant upside success. However, every one of these companies needs lithium-ion-based powerpacks. Further, the sharp losses among several EV manufacturers help drive the case for battery","Mon, 20 Jun 2022 10:31:26 +0000",LAC_2022-06-20,0.9313,0.0,0.0|1.0|0.0|0.0,0.032|0.744|0.223|0.9313
69,751f8a7f-3223-39c1-a2af-ba5474e2b2bf,LAC,3 Renewable Energy Stocks to Buy for the Long Haul,"Many renewable energy stocks are going to take a long time to develop into serious growth plays. With the market as bad as it is, it’s unlikely to find short-duration plays to invest in. In fact, I’d avoid them at all costs and opt to invest in longer-term plays. By investing in renewable energy stocks, you’re essentially allocating capital in the hope of securing a big payday ten to twelve years from today. Also, by implementing this strategy, we’re essentially conceding that we don’t know what","Fri, 17 Jun 2022 11:30:20 +0000",LAC_2022-06-17,0.8402,0.2732,0.0|0.792|0.208|0.2732,0.071|0.745|0.184|0.8402
70,6ab75584-08a3-34f2-82f9-60ecc65cb324,LAC,Will Warren Buffett Beat Elon Musk in Developing a Novel Lithium Mining Technique?,"Tesla's Musk seems to be MIA in the U.S. lithium rush, while fellow billionaire Warren Buffett's Berkshire Hathaway Energy is a ""prospector"" in California.","Wed, 15 Jun 2022 11:00:00 +0000",LAC_2022-06-15,-0.2103,0.3182,0.0|0.827|0.173|0.3182,0.113|0.807|0.081|-0.2103
71,9018955b-08b6-3c72-83f2-e8083cabf1c1,LAC,7 Growth Stocks With Multibagger Potential by 2025,"As a long-term investor, the current year might be among the best times to buy growth stocks. Sentiment has been pessimistic considering macro-economic and geo-political factors. As a result, some high-quality growth stocks have fallen into a deep correction. A simple investing rule is to buy when fear is the dominant sentiment. Of course, I would go slow and hold a balance of growth and large-cap stocks in the portfolio. However, there is no reason to press the panic button. Even if there is a","Tue, 14 Jun 2022 10:02:25 +0000",LAC_2022-06-14,-0.1779,0.3818,0.0|0.698|0.302|0.3818,0.145|0.729|0.127|-0.1779
72,9230c3de-f097-31ca-a1fd-0b5af9b9bdd7,LAC,Proceed With Caution When Considering These 5 Ultra-Popular Stocks,"Investors  may want to think twice before adding these names to their portfolios: Lithium Americas (NYSE: LAC), Mullen Automotive (NASDAQ: MULN), NXP Semiconductors (NASDAQ: NXPI), Rivian (NASDAQ: RIVN), and Sunrun (NASDAQ: RUN).  It's unsurprising, therefore, that Lithium Americas is gaining popularity right now.  In the pre-revenue phase of its development, Lithium Americas is garnering attention from growth investors, who foresee returns when the company commences operations at its two projects.","Sun, 12 Jun 2022 12:47:00 +0000",LAC_2022-06-12,0.8316,0.0,0.0|1.0|0.0|0.0,0.0|0.871|0.129|0.8316
73,94974ad3-d705-3bd9-a779-790142b5388f,LAC,Lithium Americas Corp. (LAC) Stock Moves -1.09%: What You Should Know,"Lithium Americas Corp. (LAC) closed at $22.66 in the latest trading session, marking a -1.09% move from the prior day.","Fri, 10 Jun 2022 21:45:09 +0000",LAC_2022-06-10,0.0,0.0,0.0|1.0|0.0|0.0,0.0|1.0|0.0|0.0
74,7250619c-ee40-36d4-978c-c2203bf4802d,LAC,4 Stocks to Buy That Could Make You a Millionaire,"Becoming a millionaire investor is not an easy feat and it’s a possibility rather than a probability. Nevertheless, with solid research and knowledge of overlooked assets, it can be done. I often screen for “under the radar” stocks. You see, the big guys on Wall Street require a stock to hold low-risk properties to be considered a credible investment prospect. That’s great news for us retail investors as it allows us to make “smart money stage” moves. The stocks selected in this article could ad","Wed, 08 Jun 2022 14:41:58 +0000",LAC_2022-06-08,0.7264,0.0,0.0|1.0|0.0|0.0,0.041|0.848|0.111|0.7264
75,811bf045-70f1-33fa-ae9e-72c6cddd549d,LAC,Why Lithium Americas Stock Crashed Today,"Despite being not yet operational, and having no revenue to its name (much less profits), Lithium Americas stock has had a terrific run as investors bid up lithium assets in anticipation of booming demand for the metal, which is used to make the batteries that power electric vehicles.  With lithium currently priced at $60,000 a ton, Goldman sees that slipping 10% to $54,000 later this year -- a pothole that precedes a bigger fall off a cliff.  By next year, the banker believes, lithium prices will average just $16,000, a staggering 73% decline from present-day prices.","Tue, 31 May 2022 20:08:58 +0000",LAC_2022-05-31,0.3612,0.0,0.0|1.0|0.0|0.0,0.039|0.896|0.065|0.3612
76,a3fe0a0a-b59d-38a9-957b-1ce64792b3fc,LAC,Arena Minerals Enters Collaboration Agreement With Lithium Americas,"TORONTO, May 24, 2022 (GLOBE NEWSWIRE) -- Arena Minerals Inc. (""Arena"" or the ""Company"") (TSX-V: AN | OTCQX: AMRZF) is pleased to announce it has entered into a Pastos Grandes Technical Collaboration Agreement (the “Collaboration Agreement”) with Lithium Americas Corp (TSX: LAC; NYSE: LAC) (“Lithium Americas”). The intention of the Collaboration Agreement is to share technical information and explore opportunities for collaborating on potential development alternatives with the overall objective","Tue, 24 May 2022 11:00:00 +0000",LAC_2022-05-24,0.9201,0.4939,0.0|0.686|0.314|0.4939,0.0|0.817|0.183|0.9201
77,f3af7200-3eb4-3d3f-a153-6d05140e78a8,LAC,Lithium Americas Enters Collaboration Agreement with Arena Minerals,"VANCOUVER, British Columbia, May 24, 2022 (GLOBE NEWSWIRE) -- Lithium Americas Corp. (TSX: LAC) (NYSE: LAC) (""Lithium Americas"" or the ""Company"") has entered a Pastos Grandes Technical Collaboration Agreement (“Collaboration Agreement”) with Arena Minerals Inc. (TSX-V: AN) (""Arena""). The intention of the Collaboration Agreement is to share technical information and explore opportunities for collaborating on potential development alternatives with the overall objective of optimizing the productio","Tue, 24 May 2022 11:00:00 +0000",LAC_2022-05-24,0.9217,0.4939,0.0|0.686|0.314|0.4939,0.0|0.809|0.191|0.9217
78,5e0dec1c-f292-3bbd-bb52-394eb89485ad,LAC,7 of the Biggest Bargain Stocks to Buy Right Now,"These beaten-down bargain stocks have strong catalysts moving forward and are worth a look. Advanced Micro Devices (AMD): There’s plenty of upside momentum ahead for this severely undervalued tech stock. Marathon Digital Holdings (MARA): This undervalued Bitcoin mining is technically oversold, and ready to bounce with Bitcoin (BTC-USD). Lithium Americas (LAC): Oversold lithium miner could pop with demand still outweighing supply. Roblox Corp. (RBLX): Gaming stock showing signs of life again than","Thu, 19 May 2022 16:01:01 +0000",LAC_2022-05-19,0.6705,0.2023,0.0|0.816|0.184|0.2023,0.062|0.795|0.143|0.6705
79,e2356aeb-af28-3b79-8a47-e5c0fb97addc,051910.KS,"GM signs agreements with suppliers, on course to reach 1 mln EV capacity by 2025","General Motors Co said on Tuesday it had signed multi-year agreements with LG Chem Ltd and Livent Corp to secure key raw materials used in manufacturing batteries for electric vehicles.  With the latest deals, GM said it had lined up supplies for all battery raw materials, including lithium, nickel, cobalt and cathode active material, and was on course to reach its goal of producing 1 million EVs annually in North America by end-2025.  LG Chem will supply GM with 968,000 tons of cathode material starting in the second half of 2022 through 2030, enough for about 5 million EVs, GM said.","Tue, 26 Jul 2022 10:05:03 +0000",051910.KS_2022-07-26,0.743,0.296,0.0|0.789|0.211|0.296,0.0|0.92|0.08|0.743
80,bec2b788-f850-3cb0-b676-43765bad59b5,051910.KS,What is friendshoring? Janet Yellen’s new strategy for fixing the supply chain crisis,The U.S. continues to push its 'friendshoring' policy—restricting trade to friendly partners—as a means to help its supply chain crunch and reduce reliance on China.,"Tue, 19 Jul 2022 20:53:55 +0000",051910.KS_2022-07-19,0.7096,-0.6249,0.255|0.745|0.0|-0.6249,0.0|0.789|0.211|0.7096
81,88529908-84de-3b56-9522-0ed99b6b8a13,051910.KS,Yellen Touts ‘Friend-Shoring’ as Global Supply Chain Fix,"(Bloomberg) -- US Treasury Secretary Janet Yellen called on “trusted” US allies to strengthen trade relationships to shore up global supply chains disrupted by the pandemic, worsened by Russia’s war in Ukraine and threatened longer term by a reliance on China.Most Read from BloombergThis Could Be the Start of a Dollar ‘Doom Loop’ Like No OtherGhana Declares First Marburg Virus Disease OutbreakChina Disputes Report Xi Invited Europe Heads to Beijing MeetingA Goldman Legend, Crypto Star and Top Ba","Tue, 19 Jul 2022 08:36:27 +0000",051910.KS_2022-07-19,-0.7717,-0.0258,0.136|0.864|0.0|-0.0258,0.158|0.749|0.094|-0.7717
82,ed2e63fe-1a28-3b69-b16e-cf7f5002661d,051910.KS,S.Korea's LG Energy Solution to supply batteries to India's Mahindra -source,"South Korean battery maker LG Energy Solution is set to supply batteries to Mahindra & Mahindra's first electric sports utility vehicle (SUV), a source familiar with the matter said on Monday.  Before LG Energy Solution was split off from its parent company LG Chem, Mahindra in 2018 signed a deal with LG Chem to collaborate on the supply and technology of lithium-ion batteries based on nickel, cobalt and manganese chemistry, according to a Mahindra statement.  LG Energy Solution declined to comment.","Mon, 11 Jul 2022 08:24:04 +0000",051910.KS_2022-07-11,0.8834,0.5267,0.0|0.672|0.328|0.5267,0.0|0.83|0.17|0.8834
83,0c8458bd-bc7b-394a-886f-6ceb56869fe1,051910.KS,LG Chem Develops Advanced Plastic Product to Prevent Thermal Runaway in EV Batteries,"SEOUL, South Korea, May 16, 2022--LG Chem has developed an advanced plastic product to prevent thermal runaway in EV batteries.","Mon, 16 May 2022 05:00:00 +0000",051910.KS_2022-05-16,0.2732,0.2732,0.0|0.78|0.22|0.2732,0.0|0.853|0.147|0.2732
84,a0dee707-dd4e-3cdc-95a5-aeb8358b030e,051910.KS,UPDATE 1-U.S. reviews LG Energy Solution batteries to ensure adequate recalls,"The U.S. National Highway Traffic Safety Administration (NHTSA) on Tuesday said it is opening a review to ensure all defective batteries produced by LG Energy Solution have been recalled by automakers.  The auto safety agency noted Mercedes-Benz, Chrysler-parent Stellantis, General Motors and Hyundai Motor have issued recalls since 2020 due to internal failures in high-voltage vehicle batteries that pose fire risks.  NHTSA said the equipment query covers 138,324 vehicles and will communicate with LG ""and other companies that might have purchased the same or similar equipment from LG, notify them of this defect in any vehicles they manufactured, and to ensure thorough safety recalls are conducted where appropriate.""","Tue, 05 Apr 2022 15:22:25 +0000",051910.KS_2022-04-05,0.5927,0.7845,0.0|0.44|0.56|0.7845,0.104|0.753|0.143|0.5927
85,29a88b11-ec94-3562-aa04-621d915c45fa,051910.KS,KBR Wins Contract From LG Chem to Allow Use of Hydro-PRT,"KBR to provide technology licensing and engineering for its breakthrough plastics recycling technology, Hydro-PRT.","Thu, 20 Jan 2022 16:18:04 +0000",051910.KS_2022-01-20,0.0,0.6808,0.0|0.616|0.384|0.6808,0.0|1.0|0.0|0.0
86,6b36529a-e3b5-3a70-8afe-46289259731c,051910.KS,UPDATE 2-S.Korea's LG Energy Solution plans U.S. battery JV with Honda -report,"South Korean battery maker LG Energy Solution (LGES) plans to build a battery joint venture (JV) with Japan's Honda Motor Co Ltd in the United States, South Korea's Maeil Business Newspaper said on Friday, citing an unnamed industry source.  The potential battery JV between LGES and Honda could cost as much as 4 trillion won ($3.4 billion) and have an annual production capacity of up to 40 gigawatt hours (GWh) of batteries, enough to power 600,000 electric vehicles (EVs), the newspaper reported.","Fri, 14 Jan 2022 01:35:16 +0000",051910.KS_2022-01-14,0.872,0.5267,0.0|0.694|0.306|0.5267,0.0|0.875|0.125|0.872
87,6aa201e4-dd67-31cd-81b4-7e8ce200026e,051910.KS,S.Korea's LG Energy Solution plans battery JV with Honda in U.S. -media report,"South Korean battery maker LG Energy Solution (LGES) plans to build a battery joint venture with Honda Motor Co in the United States, South Korea's Maeil Business Newspaper said on Friday, citing an unnamed industry source.  The potential battery JV between LGES and Honda could cost as much as 4 trillion won ($3.4 billion) and have an annual production capacity of up to 40 gigawatt hours (GWh) of batteries, enough to power 600,000 electric vehicles (EVs), the newspaper reported.","Thu, 13 Jan 2022 23:51:12 +0000",051910.KS_2022-01-13,0.872,0.5267,0.0|0.714|0.286|0.5267,0.0|0.87|0.13|0.872
88,0734c405-725d-3135-8da4-e79196d82a8d,051910.KS,"Australia's Liontown signs supply deal with S.Korea's LG Chem, shares jump","LG Energy Solution, which counts Tesla Inc and General Motors Co as its customers, will buy 100,000 dry metric tonnes (DMT) of lithium spodumene — a key raw material for making electric vehicle batteries — from Liontown's Kathleen Valley project.  Liontown joins other lithium players in the country, like Vulcan Energy, to strike major supply deals with EV makers as the sector assumes centre stage amid a global push by companies and governments towards a greener future.","Wed, 12 Jan 2022 00:31:25 +0000",051910.KS_2022-01-12,0.7579,0.296,0.0|0.82|0.18|0.296,0.019|0.865|0.116|0.7579
89,78f890a5-286b-3f5e-a16d-a8bfac69bef9,051910.KS,"UPDATE 3-Ahead of IPO, S.Korea's LG Energy Solution flags market share, profit ambitions","Days before pricing its $10.7 billion IPO, South Korean battery maker LG Energy Solution (LGES) forecast its market share would overtake main rival CATL thanks to its wider range of customers and said it was aiming for a double-digit operating margin.  LGES Chief Executive Officer Kwon Young Soo told reporters that he expected the company's market share to overtake that of Chinese rival Contemporary Amperex Technology Co Ltd (CATL) , without specifying a time-frame, because it had a wider range of customers and CATL only currently operated factories in China.","Mon, 10 Jan 2022 10:02:10 +0000",051910.KS_2022-01-10,0.8658,0.8176,0.0|0.486|0.514|0.8176,0.0|0.874|0.126|0.8658
90,b11f905b-d535-3172-85ff-9739e43ba3ae,051910.KS,LG Energy Solution's IPO likely to be priced at $11 billion top end - sources,"SEOUL (Reuters) -South Korean battery maker LG Energy Solution (LGES) will likely price its IPO at the top of its indicative range at around $11 billion, two sources told Reuters, as institutional investors bet on booming demand for electric vehicles.  That pricing would make LGES, a wholly-owned unit of LG Chem Ltd that supplies to firms including Tesla, General Motors and Hyundai Motor, the biggest listing ever in South Korea.  LGES said last week it expected to offer 34 million https://www.reuters.com/business/lg-energy-solution-expects-ipo-price-range-257000-won-300000-won-per-share-2021-12-07 new shares in an indicative range of 257,000 to 300,000 won per share, which would raise around 12.8 trillion won ($10.9 billion) at the top end when the IPO is scheduled to be priced on Jan. 14.","Wed, 15 Dec 2021 03:55:25 +0000",051910.KS_2021-12-15,0.946,0.4404,0.0|0.755|0.245|0.4404,0.012|0.835|0.153|0.946
91,981ebb31-8c65-3118-941f-0cb41bb2bd42,051910.KS,Li-Cycle Enters Multi-Year Strategic Deal With LG; Secures $50M Equity Investment,"Li-Cycle Holdings Corp (NYSE: LICY) plans to proceed with the construction of its first commercial Hub facility, being developed within the Eastman Business Park near Rochester, New York. Li-Cycle will increase the input processing capacity of the Hub by over 40% and be able to process battery material equivalent to ~225,000 electric vehicles per year. The company estimates that the Hub will require a total capital investment of ~$485 million (+/-15%), funded from existing balance sheet cash. It","Tue, 14 Dec 2021 15:24:29 +0000",051910.KS_2021-12-14,0.3182,0.3182,0.0|0.813|0.187|0.3182,0.0|0.971|0.029|0.3182
92,18ab54e7-81f5-3ce0-b8ae-37f1ae3ff105,051910.KS,LG Energy Solution targets up to $10.9 billion in S.Korea's biggest IPO,"SEOUL (Reuters) -LG Energy Solution (LGES) is likely to raise up to 12.8 trillion won ($10.87 billion) in what could be South Korea's biggest initial public offering as the battery maker seeks funds to expand and meet booming demand for EV batteries.  Even at the low end of its pricing range, LG looks set to top the country's largest listing to date, Samsung Life Insurance's 4.9 trillion won IPO in 2010.  ""Through this IPO, we are preemptively responding to the demand for the lithium-ion battery market, which is expected to see rapid growth,"" LGES Chief Executive Officer Kwon Young Soo said in a statement.","Tue, 07 Dec 2021 08:07:54 +0000",051910.KS_2021-12-07,0.8957,0.5267,0.0|0.694|0.306|0.5267,0.044|0.817|0.138|0.8957
93,8ec00eff-116c-3dc8-bed5-48b425b5b9f7,051910.KS,"A $100 Billion Wave of EV IPOs to Hit Market by 2023, BofA Says","(Bloomberg) -- A worldwide push toward electrification is causing a three-year wave of initial public offerings in the electric vehicle space that could raise about $100 billion until the end of 2023, according to Bank of America Corp.Most Read from BloombergChina Cash Flowed Through Congo Bank to Former President’s Cronies‘Pension Poachers’ Are Targeting America’s Elderly VeteransReliving the New York Subway Map DebateGrowing investments in the sector, spanning from batteries to charging cars,","Thu, 25 Nov 2021 05:38:22 +0000",051910.KS_2021-11-25,0.0,0.0,0.0|1.0|0.0|0.0,0.0|1.0|0.0|0.0
94,acad6d66-dccb-3f2e-bbae-95e7da7df7ff,051910.KS,"For Lucid Motors To Win Mass Market, It All Comes Down to the Batteries","The electric car race seems very complicated. It’s not. For Lucid Motors (NASDAQ:LCID) and its competitors, it’s all about the batteries. Source: Around the World Photos / Shutterstock.com Lucid CEO Peter Rawlinson, a former Tesla (NASDAQ:TSLA) executive, knows a lot about batteries. Thanks to his Saudi investors, he’s about to win a contract for the largest battery storage system in the world. The question is whether he can make them. Lithium is already in short supply. Prices for lithium carbo","Fri, 22 Oct 2021 10:00:05 +0000",051910.KS_2021-10-22,0.7717,0.5859,0.0|0.774|0.226|0.5859,0.0|0.917|0.083|0.7717
95,c3bbe7ef-8f9c-3f4e-95de-6da0fa8e3f04,051910.KS,LG Chem Is Targeting to Penetrate the Solar Panel Frame Market,"SEOUL, South Korea, October 19, 2021--LG Chem developed LUPOY EU5201, a PC/ASA flame retardant material that can replace the metal in solar panel frames and starts market penetration","Tue, 19 Oct 2021 00:00:00 +0000",051910.KS_2021-10-19,0.0,0.0,0.0|1.0|0.0|0.0,0.0|1.0|0.0|0.0
96,1cb78bdf-06a2-3e3b-bcac-1a069831bb57,PCRFY,UPDATE 1-Redwood Materials plans to spend $3.5 bln on making EV battery essentials,"Redwood Materials, founded by former Tesla Inc executive JB Straubel, said on Monday it plans to spend $3.5 billion on a battery-materials factory in northwest Nevada, confirming an earlier report by the Wall Street Journal.  The auto industry has been ramping up production of electric vehicles (EV) to meet a demand surge, driving up orders for batteries and raw materials such as lithium, cobalt, etc.  Five-year-old Redwood Materials is ramping up production of anode and cathode components to 100 gigawatt-hours by 2025, enough to supply batteries for 1 million EVs a year, then to 500 GWh by 2030, enough to supply 5 million EVs a year or more.","Mon, 25 Jul 2022 14:24:27 +0000",PCRFY_2022-07-25,-0.128,0.0,0.0|1.0|0.0|0.0,0.015|0.985|0.0|-0.128
97,ad5a2207-a7e4-3fc5-aad4-9edef96ccae7,PCRFY,Tesla’s Chinese Battery Maker Is Scoping Out Factory Sites in Mexico,"(Bloomberg) -- China’s Contemporary Amperex Technology Co. Ltd., the world’s biggest maker of batteries for electric vehicles, is considering at least two locations in Mexico for a manufacturing plant to potentially supply Tesla Inc. and Ford Motor Co.Most Read from BloombergAmericans Who Can’t Afford Homes Are Moving to Europe InsteadMusk Lieutenant Scrutinized in Internal Tesla Purchasing ProbeThese Are the World’s Most (and Least) Powerful Passports in 2022Biden Contracts Covid as Pandemic Sh","Mon, 18 Jul 2022 12:01:37 +0000",PCRFY_2022-07-18,0.4703,0.0,0.0|1.0|0.0|0.0,0.0|0.958|0.042|0.4703
98,f85c9934-03bf-384b-919b-4e171a00a22e,PCRFY,"Tesla, Ford, and GM’s Plan to Unlock EV Battery Capacity",There is an enormous amount of EV battery capacity coming to the U.S. Auto makers want to ensure they aren't relying on China for the supply.,"Fri, 15 Jul 2022 21:44:00 +0000",PCRFY_2022-07-15,0.4404,0.0,0.0|1.0|0.0|0.0,0.0|0.86|0.14|0.4404
99,efa39463-6bed-32b7-90ab-fa752cfe7e3d,PCRFY,"UPDATE 3-U.S., Mexico resolve Panasonic auto parts plant labor dispute","The United States and Mexico announced a resolution to a dispute at a Panasonic auto parts plant in Mexico on Thursday, with workers receiving an above-inflation pay rise after the firm rejected an agreement with a union that lacked lawful bargaining authority.  The agreement involved the Panasonic Automotive Systems facility in the northern border city of Reynosa, Mexico, ""where workers were previously denied their freedom of association and collective bargaining rights,"" the U.S. Trade Representative said (USTR) said in a statement.","Thu, 14 Jul 2022 18:04:07 +0000",PCRFY_2022-07-14,0.6597,-0.0258,0.203|0.602|0.195|-0.0258,0.112|0.728|0.16|0.6597
100,bc7e01c7-8338-3b30-9692-a3c8ec636795,PCRFY,Tesla (TSLA) & Panasonic Ink Deal for Cell Production Unit,"Tesla's (TSLA) major battery supplier, Panasonic, selects Kansas as the site for the largest cell production unit globally for providing batteries to Tesla.","Thu, 14 Jul 2022 14:34:02 +0000",PCRFY_2022-07-14,0.0,0.0,0.0|1.0|0.0|0.0,0.0|1.0|0.0|0.0
101,4926f3eb-0d93-31dd-99a3-69c33193acfc,PCRFY,Panasonic Energy set to build $4 billion EV battery factory in Kansas,"Panasonic Energy Co. said Wednesday a proposed lithium-ion battery factory is coming to Kansas, pending the company's board approval.","Wed, 13 Jul 2022 22:36:00 +0000",PCRFY_2022-07-13,0.6369,0.2732,0.0|0.84|0.16|0.2732,0.0|0.755|0.245|0.6369
102,1531ec78-c17f-323c-976b-d32fd9a05967,PCRFY,Panasonic Energy and Kansas Partner to Advance Plans for US-based EV Battery Facility,"Panasonic Energy Co., Ltd., a Panasonic Group company, and Kansas Gov. Laura Kelly jointly announced that the state of Kansas has approved an Attracting Powerful Economic Expansion (APEX) state incentive* application submitted by Panasonic Energy Co., Ltd.The agreement would make the state the location for a proposed US-based lithium-ion battery manufacturing facility, pending approval by Panasonic Holdings Corporation Board of Directors.","Wed, 13 Jul 2022 22:15:00 +0000",PCRFY_2022-07-13,0.9531,0.2732,0.0|0.851|0.149|0.2732,0.0|0.73|0.27|0.9531
103,fc84a673-fb5e-3de8-ad96-51d4a1613207,PCRFY,"Panasonic picks Kansas for Tesla EV battery plant, state puts investment at $4 billion","(Reuters) -Japan's Panasonic Energy Co, a major Tesla Inc supplier, said on Wednesday it had selected Kansas as the site for a new battery plant that state officials said would create up to 4,000 jobs with investment of up to $4 billion.  The move comes as Tesla CEO Elon Musk has said the electric vehicle (EV) maker faced challenges ramping up production of its in-house batteries, contributing to limited auto output.  The decision by Panasonic Energy, a unit of tech conglomerate Panasonic Holdings Corp, to pick Kansas over Oklahoma for the plant comes after Kansas Gov. Laura Kelly pushed the state legislature to approve an incentive package of up to $1 billion earlier this year.","Wed, 13 Jul 2022 17:36:16 +0000",PCRFY_2022-07-13,0.7351,0.0,0.0|1.0|0.0|0.0,0.016|0.898|0.086|0.7351
104,e57af80c-3894-3a4e-8f7f-ab6aa947fb3f,PCRFY,Panasonic to build EV battery plant for Tesla in Kansas -Nikkei,"Panasonic Holdings Corp will invest several billion dollars in a factory in Kansas to supply a new high-capacity battery for Tesla's electric vehicles, Nikkei reported https://s.nikkei.com/3c4Fr45 on Wednesday.  Earlier in June, Reuters reported Panasonic was looking at potential factory sites in Kansas and Oklahoma to supply batteries to the U.S. electric automaker's plant in Texas.  Panasonic already has a factory in Nevada that supplies smaller batteries to Tesla.","Wed, 13 Jul 2022 17:32:01 +0000",PCRFY_2022-07-13,0.0,0.0,0.0|1.0|0.0|0.0,0.0|1.0|0.0|0.0
105,1b9b62bd-cf5e-34cc-9fd5-74ac20f06ca7,PCRFY,Tesla Supplier Panasonic Plans To Improve Battery Density: Reuters,"Panasonic Energy, a major supplier to Tesla Inc (NASDAQ: TSLA), is developing a new technology to increase battery energy density by a fifth by 2030, Reuters reported. If achieved, the technology would increase the driving range of Tesla's Model Y, for example, by over 100 KM (62 miles) with the same size battery pack. Manufacturers can use it to produce electric vehicles with lesser weight. Panasonic Energy, a unit of Panasonic Holdings Corp (OTC: PCRFY), is developing the technology using a ne","Wed, 13 Jul 2022 11:35:53 +0000",PCRFY_2022-07-13,0.836,0.4404,0.0|0.734|0.266|0.4404,0.0|0.869|0.131|0.836
106,f74b0307-0874-3c31-820d-0df6369f333d,PCRFY,Exclusive: Tesla supplier Panasonic eyes 20% jump in battery density by 2030,"Panasonic Energy Co, a major Tesla supplier, is working on new technology to increase battery energy density by a fifth by 2030, the Japanese company's chief technology officer told Reuters.  As more automakers roll out EV models, investors are looking for evidence that Tesla and established battery suppliers like Panasonic can keep their lead in the industry.  The battery system is the most expensive element of an EV and improved performance and lower costs are seen as key to sustaining gains in global sales.","Wed, 13 Jul 2022 07:55:32 +0000",PCRFY_2022-07-13,0.8834,0.128,0.0|0.88|0.12|0.128,0.024|0.818|0.158|0.8834
107,52d4b36c-6f87-3dbe-ba2d-feb8f067c9fd,PCRFY,Supply-Chain Tech Provider Blue Yonder Names Duncan Angove CEO,The company has a new chief executive as parent Panasonic weighs a public listing for its supply-chain-management segment.,"Mon, 11 Jul 2022 18:27:00 +0000",PCRFY_2022-07-11,0.0,0.0,0.0|1.0|0.0|0.0,0.0|1.0|0.0|0.0
108,3a927063-f586-35b2-86b6-f4ff9097425f,PCRFY,Private Equity Giants Called Vultures Eye Breakthrough in Japan,"(Bloomberg) -- For years, private equity giants have worked to change a damaging public perception in Japan: that they’re “vultures,” hacking companies apart and gorging on their remains.Most Read from BloombergRussia Slips Into Historic Default as Sanctions Muddy Next StepsA $2 Trillion Free-Fall Rattles Crypto to the CoreHyundai Quietly Climbs the EV Sales Charts and Elon Musk NoticesRep. Mary Miller Calls Roe Decision ‘Victory for White Life’Russia Is Hours Away From Its First Foreign Default","Tue, 21 Jun 2022 20:00:00 +0000",PCRFY_2022-06-21,-0.5106,-0.3182,0.223|0.777|0.0|-0.3182,0.043|0.957|0.0|-0.5106
109,95830bf1-0e24-3e36-862b-062d13fe0439,PCRFY,UPDATE 2-Panasonic plant union in Mexico calls off strike after pay agreement,"The newly elected union at a Panasonic auto parts plant in the border town of Reynosa, Mexico, called off a strike scheduled to begin Friday morning after the company agreed to a new deal on pay, Panasonic and the union said.  Panasonic confirmed the terms to Reuters.  ""This is a historic moment,"" union founder Susana Prieto said in a video shared on Facebook.","Fri, 10 Jun 2022 15:34:36 +0000",PCRFY_2022-06-10,0.3818,0.3182,0.192|0.596|0.212|0.3182,0.047|0.879|0.073|0.3818
110,6521bbe8-0049-39ef-a608-74d1a6f3c708,PCRFY,Panasonic Disclosed Finalizing US Site For Tesla's New Battery Plant,"Panasonic Holdings Corp (OTC: PCRFY) was finalizing its decision regarding the U.S. site for its new battery plant, Reuters reports citing Panasonic Energy CEO Kazuo Tadanobu at a round table event. The Tesla, Inc (NASDAQ: TSLA) battery maker explored potential factory sites in Kansas and Oklahoma to supply the batteries to the U.S. EV maker's Texas plant. Recently Tadanobu disclosed having shipped samples of its more powerful '4680' format electric car battery to Tesla. The 4680 format battery","Fri, 03 Jun 2022 11:49:59 +0000",PCRFY_2022-06-03,0.6361,0.0,0.0|1.0|0.0|0.0,0.0|0.935|0.065|0.6361
111,de03551d-71df-3bef-b872-5e0f9bb18cf8,PCRFY,CORRECTED-UPDATE 1-Panasonic evaluating choices of U.S. state for battery plant - exec,"Japan's Panasonic Holdings Corp , which makes batteries for electric car maker Tesla , is evaluating which U.S. state it will choose as the site for a new battery plant, a top executive said on Friday.  ""We've been making various considerations, but we are starting to evaluate,"" said Panasonic Energy Chief Executive Officer Kazuo Tadanobu, speaking to reporters during a round table event.  The 4680 format battery - 46 millimetres in width and 80 millimetres in height - is about five times bigger than those that Panasonic currently supplies, meaning the U.S. electric automaker could be able to lower production costs and boost vehicles' driving range.","Fri, 03 Jun 2022 06:27:46 +0000",PCRFY_2022-06-03,0.5859,0.0,0.0|1.0|0.0|0.0,0.027|0.901|0.072|0.5859
112,c1c528f8-f0f3-35e4-9d61-79101d946c42,PCRFY,UPDATE 2-Panasonic sends Tesla new EV battery samples ahead of production surge,"Panasonic Holdings Corp, which makes batteries for Tesla, said on Wednesday it had shipped samples of its more powerful 4680 format electric car battery to the U.S electric vehicle maker as it prepares for a surge in North American power pack production.  Panasonic said mass production of the new battery is set to begin in its new fiscal year starting March next year at its plant in Wakayama in Japan, before production is moved to North America.  ""A pilot line, created first in Japan, made it possible to start large-scale prototype production in May,"" said Kazuo Tadanobu, CEO of the Panasonic's energy business that makes car and industrial batteries, on the first day of the company's annual investor event.","Wed, 01 Jun 2022 11:46:55 +0000",PCRFY_2022-06-01,0.7346,0.0,0.0|1.0|0.0|0.0,0.0|0.941|0.059|0.7346
113,efd90a1e-c004-3cd2-95f9-ede94213a801,PCRFY,CORRECTED-UPDATE 1-Japan's Panasonic sees global car output improving this business year,"Panasonic Holdings Corp, which makes batteries for Tesla and other automakers, said on Wednesday it expected global car production to recover this fiscal year, but predicted that the two-year long chip shortage would continue.  ""We will be running our business as we consider risks of fluctuations on vehicle production,"" said Masashi Nagayasu, CEO of the Japanese conglomerate's automotive business, which makes in-car infotainment systems and other auto components and is separate from its battery business.  Speaking on the first day of Panasonic's annual investor event, Nagayasu said Panasonic was not thinking about making cars.","Wed, 01 Jun 2022 05:38:21 +0000",PCRFY_2022-06-01,-0.631,0.4215,0.0|0.781|0.219|0.4215,0.053|0.947|0.0|-0.631
114,c864cf4a-f95a-3a2e-9386-d9f7f6744752,PCRFY,Panasonic sends Tesla new EV battery samples ahead of production surge,"TOKYO (Reuters) -Panasonic Holdings Corp, which makes batteries for Tesla, said on Wednesday it had shipped samples of its more powerful 4680 format electric car battery to the U.S electric vehicle maker as it prepares for a surge in North American power pack production.  Panasonic said mass production of the new battery is set to begin in its new fiscal year starting March next year at its plant in Wakayama in Japan, before production is moved to North America.  ""A pilot line, created first in Japan, made it possible to start large-scale prototype production in May,"" said Kazuo Tadanobu, CEO of the Panasonic's energy business that makes car and industrial batteries, on the first day of the company's annual investor event.","Wed, 01 Jun 2022 04:35:19 +0000",PCRFY_2022-06-01,0.7346,0.0,0.0|1.0|0.0|0.0,0.0|0.942|0.058|0.7346
115,c1c5e806-1b55-3bc2-a2f3-4f8765dff13b,XSDG.SG,Tesla Supplier Panasonic Plans $4 Billion EV Battery Factory in Kansas,"Tesla  main battery supplier in the U.S.,  Panasonic Holdings  , said it would build a $4 billion electric-vehicle battery factory in De Soto, Kan., the latest move in the EV industry’s race to ramp up capacity.  The new plant comes in tandem with Tesla’s plans to boost U.S. production, including at a factory in Austin, Texas, that started delivering vehicles in April.  Japan-based Panasonic is battling larger South Korean and Chinese rivals for share of the EV battery market.","Thu, 14 Jul 2022 03:18:00 +0000",XSDG.SG_2022-07-14,0.4215,0.0,0.0|1.0|0.0|0.0,0.026|0.912|0.061|0.4215
116,7d96bbc5-af24-37a3-ad0d-075bddd5dbde,XSDG.SG,Samsung SDI Launches Battery Brand PRiMX,"SEOUL, South Korea, December 29, 2021--Samsung SDI launches its battery brand PRiMX (Prime Battery for Maximum Experience). It provides the best experience with a top-quality battery.","Wed, 29 Dec 2021 13:00:00 +0000",XSDG.SG_2021-12-29,0.6369,0.0,0.0|1.0|0.0|0.0,0.0|0.851|0.149|0.6369
117,95f9d85b-a265-32bf-ab8d-635752d0c5be,TOSBF,"Toshiba selects Bain, CVC, Brookfield, Japan funds for second round - sources","Japan's Toshiba Corp has selected four bidders including private equity firms Bain Capital, CVC Capital Partners and Brookfield Asset Management to proceed to a second bidding round, people briefed on the matter said.  The race for what could be the country's biggest buyout deal this year gathers pace as the four bidders are now invited to conduct due diligence for several months.  In addition to the three, a consortium involving state-backed Japan Investment Corp (JIC) and domestic private equity firm Japan Industrial Partners (JIP) has been selected, said the sources, who declined to be identified as the matter is private.","Wed, 20 Jul 2022 13:17:23 +0000",TOSBF_2022-07-20,0.4019,0.0,0.0|1.0|0.0|0.0,0.0|0.953|0.047|0.4019
118,99df39c5-d04d-3204-91e7-3faa78e48fa6,TOSBF,"UPDATE 2-KKR has no plans to lead Toshiba bid, but could join a deal - sources","KKR & Co does not plan to lead a bid for Japanese conglomerate Toshiba Corp at this point, three people with knowledge of the situation said, as the race for what could be the country's biggest buyout deal this year gathers pace.  KKR could, however, still take part in a deal as an equity partner, said two of the sources.  A spokesperson for KKR declined to comment.","Tue, 19 Jul 2022 12:13:38 +0000",TOSBF_2022-07-19,0.0,0.296,0.098|0.732|0.171|0.296,0.0|1.0|0.0|0.0
119,031c3d96-4ff6-3723-9240-396aa85fd70b,TOSBF,"KKR has no plans to lead Toshiba bid, but could join a deal - sources","KKR & Co does not plan to lead a bid for Japanese conglomerate Toshiba Corp at this point, three people with knowledge of the situation said, as the race for what could be the country's biggest buyout deal this year gathers pace.  KKR could, however, still take part in a deal as an equity partner, said two of the sources.  A spokesperson for KKR declined to comment.","Tue, 19 Jul 2022 06:38:36 +0000",TOSBF_2022-07-19,0.0,0.296,0.104|0.714|0.182|0.296,0.0|1.0|0.0|0.0
120,ea11db2e-5e62-3019-91e3-633fd581210e,TOSBF,"KKR has no plans to lead a Toshiba bid, could become an investor -sources","KKR & Co does not plan to lead a bid for Japanese conglomerate Toshiba Corp at this point in time, three people with knowledge of the situation said, as the race for what could be the country's biggest buyout deal this year gathers pace.  KKR could, however, still take part in a deal as an equity partner, said two of the sources.  The global buyout firm held informal discussions about a potential deal with Toshiba's special committee, some of the conglomerate's shareholders and other investors but stopped short at submitting a bid due to the complexity of the transaction, said one of the people.","Tue, 19 Jul 2022 06:33:31 +0000",TOSBF_2022-07-19,-0.128,-0.296,0.155|0.845|0.0|-0.296,0.023|0.958|0.018|-0.128
121,07d95f9b-0fd2-39dc-a7c2-dbc26b99c491,TOSBF,Utility Giant Tokyo Electric Mulls Joining Toshiba Bid,"(Bloomberg) -- Japan’s top utility company Tokyo Electric Power Co. is mulling joining a partnership between state-backed investment fund Japan Investment Corp. and a local private equity firm in bidding to take over Toshiba Corp., according to people familiar with the matter. Most Read from BloombergNatural Gas Soars 700%, Becoming Driving Force in the New Cold WarCiti Says Oil May Collapse to $65 by the Year-End on RecessionOil Plummets Below $100 as Recession Risks Come to ForefrontUS Wants D","Wed, 06 Jul 2022 03:44:55 +0000",TOSBF_2022-07-06,-0.7351,0.0,0.0|1.0|0.0|0.0,0.099|0.866|0.035|-0.7351
122,0b3d629b-861b-3c22-af14-c2535c2a62a8,TOSBF,Tepco shares tumble 7% on reported interest in bid for Toshiba,"TOKYO (Reuters) -Shares of Tokyo Electric Power Co (Tepco) fell more than 7% on Wednesday after a news report that the Japanese power utility is considering joining a state-backed fund to buy Toshiba Corp.  Tepco is considering joining a partnership between state-backed Japan Investment Corp and Japan Industrial Partners to bid for Toshiba, and is eyeing the conglomerate's nuclear business, Bloomberg News reported.  Tepco spokesperson Ryo Terada told Reuters it was not true.","Wed, 06 Jul 2022 00:33:01 +0000",TOSBF_2022-07-06,-0.0341,0.6369,0.0|0.634|0.366|0.6369,0.032|0.938|0.03|-0.0341
123,d0296f60-b3e6-32cc-8f46-5c0be32dcbef,TOSBF,"Over 20% of Toshiba investors against activist fund execs, dissident director","Such a level of opposition to company-backed candidates remains rare in Japan, although cases of rejection are on the rise as shareholder activism has begun to take root.  Last year, Toshiba shareholders voted out the then-board chairman in a rebuke of the company after it was found to have colluded with the government in suppressing foreign investor interests.  External director Mariko Watahiki, who opposed the candidacy of directors from Elliott Management and Farallon Capital Management, saw 23% of shareholders vote against her.","Thu, 30 Jun 2022 06:45:34 +0000",TOSBF_2022-06-30,-0.3612,0.0,0.0|1.0|0.0|0.0,0.042|0.934|0.024|-0.3612
124,42bda823-2398-3639-a42b-97aa6864591c,TOSBF,"CVS caps Plan B pill purchases, Envoy Air offers pay boost amid pilot shortage, KKR ends bid for Toshiba","Yahoo Finance's Julie Hyman breaks down leading business headlines on emergency contraceptive sales following the Supreme Court's Roe v. Wade decision, the pilot shortage, and bidding for Toshiba.","Tue, 28 Jun 2022 14:47:18 +0000",TOSBF_2022-06-28,0.0,0.0772,0.161|0.711|0.128|0.0772,0.139|0.753|0.108|0.0
125,d8551c3d-95a9-393f-b485-58c214561ff4,TOSBF,The Number of Netflix Bulls Is Dwindling,"(Bloomberg) -- Even in a year that has seen widespread selling of technology stocks and long-time market leaders fall into bear territory, the woes of Netflix Inc. stand alone.Most Read from BloombergUS Will Face High Gas Prices ‘as Long as It Takes,’ Biden SaysCrypto Meltdown Claims Rolex and Patek Philippe as VictimsThe Wheels Have Come Off Electric VehiclesHow Europe Became the Epicenter for This Summer’s Travel ChaosStock Doomsayers Vindicated in Historic First Half: Markets WrapThe video-st","Tue, 28 Jun 2022 13:34:22 +0000",TOSBF_2022-06-28,-0.4215,0.0772,0.0|0.822|0.178|0.0772,0.07|0.896|0.035|-0.4215
126,5f16d62c-eb3b-3bfd-b0c1-6005c267c47f,TOSBF,"At Toshiba, Activist Investors Finally Get a Seat at the Table","Toshiba said it has received 10 nonbinding proposals from different suitors. With two activist investors now on the board, the company and its shareholders must work together to remake the industrial conglomerate.","Tue, 28 Jun 2022 12:53:00 +0000",TOSBF_2022-06-28,0.0,0.0,0.0|1.0|0.0|0.0,0.0|1.0|0.0|0.0
127,2c1a1ba2-212f-3d04-ab24-c28cb8d9f7da,TOSBF,Toshiba Adds Activist Directors in Move Toward Privatization,"(Bloomberg) -- Toshiba Corp. shareholders elected representatives of two vocal activist hedge funds to the board in a contentious meeting, bringing the scandal-tainted industrial giant a step closer to possible privatization.Most Read from BloombergRussia Slips Into Historic Default as Sanctions Muddy Next StepsMichael Burry of ‘The Big Short’ Fame Warns Fed May Alter CourseA $2 Trillion Free-Fall Rattles Crypto to the CoreAnti-Abortion Centers Find Pregnant Teens Online, Then Save Their DataChi","Tue, 28 Jun 2022 10:27:57 +0000",TOSBF_2022-06-28,0.5423,0.0,0.0|1.0|0.0|0.0,0.048|0.87|0.082|0.5423
128,2c2ba5e8-0365-3cc8-9762-5cf7451d7bd2,TOSBF,"KKR Backs Out of Bidding for Toshiba, FT Says","(Bloomberg) -- KKR & Co. is backing away from a potential $22 billion bidding war for Toshiba Corp., the Financial Times reported, citing people familiar with the discussions.Most Read from BloombergUS Will Face High Gas Prices ‘as Long as It Takes,’ Biden SaysCrypto Meltdown Claims Rolex and Patek Philippe as VictimsThe Wheels Have Come Off Electric VehiclesStock Doomsayers Vindicated in Historic First Half: Markets WrapUkraine Latest: Kyiv Lauds Isle Retake; Putin Shifts Gas PlantThe private e","Tue, 28 Jun 2022 10:03:11 +0000",TOSBF_2022-06-28,-0.5719,-0.0516,0.13|0.87|0.0|-0.0516,0.083|0.868|0.049|-0.5719
129,04f77321-1b45-3f73-b288-849392a1425b,TOSBF,Japan's state-backed JIC hires SMBC Nikko for potential Toshiba deal -sources,"State-backed Japan Investment Corp (JIC) has hired SMBC Nikko Securities as its financial adviser for its pursuit of a potential equity investment in conglomerate Toshiba Corp, two people familiar with the matter told Reuters.  Toshiba said this month it had received eight initial buyout proposals as well as two proposals for capital alliances that would see it remain listed.  Japanese funds, including JIC, and a number of strategic players are looking to see how they can participate in the deal, Reuters reported last week, citing people familiar with the matter.","Tue, 28 Jun 2022 09:07:43 +0000",TOSBF_2022-06-28,0.5859,0.0,0.0|1.0|0.0|0.0,0.0|0.914|0.086|0.5859
130,be4b1195-f793-3d61-9020-3edf3df0d7cf,TOSBF,Toshiba Shareholders Vote to Add Activist Investors to Board,"Toshiba shareholders approved the company’s proposal to invite representatives from two foreign activist funds onto its board, a move which may help speed the transition of the troubled industrial conglomerate.","Tue, 28 Jun 2022 04:19:00 +0000",TOSBF_2022-06-28,0.4767,0.0,0.0|1.0|0.0|0.0,0.085|0.712|0.202|0.4767
131,0a043aef-cec4-3b68-9cf5-0623558a57f5,TOSBF,UPDATE 5-Toshiba board gains two directors from activist funds in historic shift,"Toshiba Corp shareholders voted in on Tuesday two board directors from activist hedge fund investors - a step expected to add momentum to the industrial group's exploration of potential buyout deals.  Toshiba's annual general meeting elected Nabeel Bhanji, a senior portfolio manager at Elliott Management, and Eijiro Imai, managing director at Farallon Capital Management as new board members.","Tue, 28 Jun 2022 03:29:54 +0000",TOSBF_2022-06-28,0.2263,0.34,0.0|0.821|0.179|0.34,0.0|0.966|0.034|0.2263
132,eef4f550-ca9e-3485-84e7-67749178e0ab,TOSBF,Toshiba board gains two directors from activist funds in historic shift,"TOKYO (Reuters) -Toshiba Corp shareholders voted in on Tuesday two board directors from activist hedge fund investors - a step expected to add momentum to the industrial group's exploration of potential buyout deals.  Toshiba's annual general meeting elected Nabeel Bhanji, a senior portfolio manager at Elliott Management, and Eijiro Imai, managing director at Farallon Capital Management as new board members.","Tue, 28 Jun 2022 03:19:16 +0000",TOSBF_2022-06-28,0.2263,0.34,0.0|0.806|0.194|0.34,0.0|0.967|0.033|0.2263
133,a3eb3395-cf49-3830-b3e5-b50f0774216e,TOSBF,Meta Plunge Lures Value Buyers as Growth Funds Flee,"(Bloomberg) -- For years, investors valued Facebook’s parent company as if its growth would never falter. Now that it has, fund managers who buy cheap, out-of-favor stocks are finally getting a chance to own shares of Meta Platforms Inc. Most Read from BloombergDemocrats Weigh Paring Biden Tax Hike to Win Over ManchinThe Wheels Have Come Off Electric VehiclesSupreme Court Crimps Biden’s Climate Agenda With Limits on EPAStocks Jolted by Recession Scare as Bonds Surge: Markets WrapTrump’s Final Sc","Mon, 27 Jun 2022 13:47:26 +0000",TOSBF_2022-06-27,0.7579,0.6124,0.0|0.583|0.417|0.6124,0.067|0.782|0.151|0.7579
134,42fe832e-7c02-3349-8e0b-821e00c5d78b,TOSBF,Toshiba shareholders to endorse director nominees as buyout expectations grow,"Toshiba Corp's shareholders are expected to endorse all proposed directors, including two from its hedge fund investors, on Tuesday in a move that could mark a crossroads for the 146-year-old Japanese conglomerate and hasten a potential buyout.  The company has nominated executives from Elliott Management and Farallon Capital Management for approval as outside directors at its annual general meeting, a move designed to end a long-running battle between the company and activist investors.  Influential proxy advisers Institutional Shareholder Services Inc (ISS) and Glass Lewis have both recommended voting for their appointments.","Mon, 27 Jun 2022 06:50:04 +0000",TOSBF_2022-06-27,0.7579,0.3182,0.0|0.796|0.204|0.3182,0.028|0.864|0.108|0.7579
135,f25083bd-9064-3795-9da6-3b574e152fdc,TOSBF,MicroStrategy Bulls Unfazed by Double Dose of Pain,(Bloomberg) -- Shares of MicroStrategy Inc. have been hit hard this year as its once-winning approach of being a tech company that also holds billions of dollars in Bitcoin sends investors rushing for the exit. Analysts are holding fast in their bullishness.Most Read from BloombergRussia Slips Into Historic Default as Sanctions Muddy Next StepsBig Tech Sinks Stocks Bruised by Recession Jitters: Markets WrapChina Cuts Travel Quarantine in Biggest Covid Zero Shift YetTesla Lays Off About 200 Autop,"Thu, 23 Jun 2022 13:42:43 +0000",TOSBF_2022-06-23,-0.4939,-0.5106,0.32|0.68|0.0|-0.5106,0.079|0.893|0.027|-0.4939
136,91495a54-c63e-3b4d-93c4-708834b18c4d,TOSBF,Bidders Offers Value Toshiba Up To $22B: Reuters,"Potential buyers for Japanese conglomerate Toshiba Corp (OTC: TOSYY) are mulling offering up to 7,000 yen ($51.41) per share, Reuters reported. The offer price, if realized, will value the company at about $22 billion, representing a 27% premium to Toshiba's share price of 5,501 yen as of Wednesday's close. Related: Toshiba Gets Privatization Proposals - Guess How Many Are Interested KKR & Co. Inc (NYSE: KKR), Baring Private Equity Asia, Blackstone Inc. (NYSE: BX), Bain Capital, Brookfield Asset","Thu, 23 Jun 2022 11:26:36 +0000",TOSBF_2022-06-23,0.875,0.34,0.0|0.745|0.255|0.34,0.0|0.854|0.146|0.875
137,5e3806da-b28b-33c1-abac-bf54c1d2509b,300750.SZ,Mexico’s ‘Super Peso’ Shocks Traders Who Had Bet on Wipeout,"(Bloomberg) -- Amid the carnage in emerging-market currencies this year, there’s been a surprisingly resilient outlier: the Mexican peso.Most Read from BloombergStar Wars Knights of the Old Republic Game Paused Amid Studio ShakeupBiden Considers New Pause on Paying Back Student Loans, $10,000 ReliefCoinbase Faces SEC Probe on Crypto Listings; Shares TumbleWho Is Nicole Shanahan, Woman at Center of Musk-Brin Drama?Trump Is Plotting to Blow Up the ConstitutionIt’s held up as almost every peer succ","Tue, 26 Jul 2022 16:46:31 +0000",300750.SZ_2022-07-26,-0.0516,-0.3818,0.224|0.776|0.0|-0.3818,0.046|0.897|0.056|-0.0516
138,9a037c89-b971-3123-9011-4d1ef4a31787,300750.SZ,Ford’s Route to EVs Runs Through China,"The auto maker is getting a better grip on its supply chain for electric vehicles by embracing Chinese battery giant CATL, among other partners.","Thu, 21 Jul 2022 16:56:00 +0000",300750.SZ_2022-07-21,0.4404,0.0,0.0|1.0|0.0|0.0,0.0|0.884|0.116|0.4404
139,9d5eecf4-1c67-3446-ac50-41671c02b56d,300750.SZ,China’s New Covid Flareup Threatens Crucial Yangtze Delta Region,"(Bloomberg) -- China is racing to quash a new virus flareup that risks spilling over into one of its most economically significant regions, raising the specter of disruptions that could roil global supply chains for solar panels, medicines and semiconductor chips.Most Read from BloombergBezos Slams Biden Over Call for Lowering of Gas PricesLong, Moderate and Painful: What Next US Recession May Look LikeUS Court Ruling May Take 70,000 Truckers Off Road, Spur JamsJPMorgan Sees ‘Stratospheric’ $380","Mon, 04 Jul 2022 03:26:09 +0000",300750.SZ_2022-07-04,-0.8451,-0.3818,0.245|0.755|0.0|-0.3818,0.146|0.829|0.025|-0.8451
140,6cce8dd0-533f-3b7b-86c4-8d8ecfcbd3c5,300750.SZ,Etsy Investors Risk More Pain After Record Selloff,"(Bloomberg) -- Etsy Inc.’s bad news for investors goes beyond the 66% plunge that’s the second-biggest in the S&amp;P 500 Index this year: The unraveling of the platform for craft sales may have further to go, especially with the fastest inflation in 40 years crimping consumer budgets.Most Read from BloombergChina Says It May Have Detected Signals From Alien CivilizationsStocks Jump as Powell Soothes Wall Street’s Nerves: Markets WrapFed Hikes 75 Basis Points; Powell Says 75 or 50 Likely in JulyWorl","Mon, 13 Jun 2022 13:38:02 +0000",300750.SZ_2022-06-13,-0.5994,-0.6901,0.487|0.513|0.0|-0.6901,0.059|0.941|0.0|-0.5994
141,9d2931c3-1424-30ac-ac8d-325706112da2,300750.SZ,Battery Giant CATL Kicks Off $6.7 Billion Placement,"(Bloomberg) -- Contemporary Amperex Technology Co. Ltd., the world’s biggest maker of batteries for electric cars, has kicked off an A-share private placement that could raise about 45 billion yuan ($6.7 billion), according to terms of the deal seen by Bloomberg News.Most Read from BloombergChina Says It May Have Detected Signals From Alien CivilizationsStocks Jump as Powell Soothes Wall Street’s Nerves: Markets WrapFed Hikes 75 Basis Points; Powell Says 75 or 50 Likely in JulyWorld’s Central Ba","Mon, 13 Jun 2022 09:04:37 +0000",300750.SZ_2022-06-13,-0.1027,0.0,0.0|1.0|0.0|0.0,0.018|0.982|0.0|-0.1027
142,17726c1c-f696-3f74-a2c5-d082aee6dc2a,300750.SZ,World’s Biggest EV Battery Maker CATL Denies Rumor of Poor Earnings on Futures Loss,"(Bloomberg) -- Contemporary Amperex Technology Co. Ltd., the world’s biggest maker of batteries for electric cars, has hit back at market rumors of a large futures loss that may have dented its second-quarter earnings.Most Read from BloombergChina Alarms US With Private Warnings to Avoid Taiwan StraitStocks’ Pandemic Bull Run Ends With Recession Fear: Markets WrapCrypto Market Sinks Below $1 Trillion After Latest DeFi BlowupBond Yields, Dollar Surge With Fed Bets as Recession Risk GrowsFive Thin","Thu, 09 Jun 2022 04:09:00 +0000",300750.SZ_2022-06-09,-0.9493,-0.802,0.427|0.573|0.0|-0.802,0.23|0.77|0.0|-0.9493
143,7709e816-7d1b-3d7a-8752-d96c3a209caa,300750.SZ,CATL's all-scenario energy storage solutions shine at ees Europe 2022,"Contemporary Amperex Technology Co., Limited (CATL), a global leader of new energy innovative technologies, is in the spotlight with its award-winning all-scenario energy storage solutions at the ees Europe 2022, the largest and most international exhibition for batteries and energy storage systems in Europe, which was held from May 11-13 at Messe München, Munich.","Sat, 14 May 2022 09:32:00 +0000",300750.SZ_2022-05-14,0.7906,0.4215,0.0|0.678|0.322|0.4215,0.032|0.786|0.182|0.7906
144,5713b0ab-f437-39a1-8433-b17a5d563058,300750.SZ,CATL's Sichuan Plant Certified as World's First Zero-carbon Factory in New Energy Industry,"Sichuan Contemporary Amperex Technology Limited (CATL-SC), a wholly-owned subsidiary of CATL, received the PAS 2060 certification on carbon neutrality from the world's leading testing, inspection and certification company SGS in March, making the plant the world's first zero-carbon factory in the new energy industry.","Fri, 25 Mar 2022 07:00:00 +0000",300750.SZ_2022-03-25,0.0516,0.2732,0.0|0.851|0.149|0.2732,0.042|0.911|0.047|0.0516
145,3816fb9d-5128-320f-b1e7-894e9c6c9fad,300750.SZ,NIO Capital Closes Eve ONE Fund II at Around USD 400 Million,"NIO Capital, a leading Chinese investment firm focused on decarbonization and digitalisation, today announced the successful final closing of NIO Capital's flagship fund, Eve ONE Fund II L.P. (the 'Fund') at approximately USD 400 million.","Mon, 21 Mar 2022 00:00:00 +0000",300750.SZ_2022-03-21,0.7783,0.0,0.0|1.0|0.0|0.0,0.0|0.799|0.201|0.7783
146,c4c5be11-1cc5-30a9-8d77-320859bc093a,300750.SZ,China’s New Wave of Electric Car Battery Giants Are Going Public,"(Bloomberg) -- It’s easy to think, with the blizzard of announcements around new EV battery capacity being added in Europe and the U.S., and a blockbuster listing for South Korea’s LG Energy Solutions, that China’s dominance of the sector is finally under serious challenge. Most Read from BloombergPutin Vows to Rid Russia of ‘Traitors’ While Waging Ukraine WarRichest Russian Built NYC Power Over Decades and Lost It in WeeksShock Waves From War in Ukraine Threaten to Swamp Sri LankaU.S. Is Sendin","Mon, 14 Mar 2022 10:42:06 +0000",300750.SZ_2022-03-14,0.3818,0.0,0.0|1.0|0.0|0.0,0.108|0.746|0.146|0.3818
147,a47491b9-a987-3c17-90d0-aebbd73f5738,300750.SZ,"Panasonic Readies New Battery Tesla Sees as Key to $25,000 EVs","(Bloomberg) -- Panasonic Corp. is gearing up to become a major manufacturer of a new, more powerful battery championed by Tesla Inc. that the Japanese electronics maker says meets the demands of its high-flying customer.Most Read from BloombergUkraine Update: China Seeks to Avoid Russia Sanctions SideswipeElon Musk Challenges Vladimir Putin to ‘Single Combat’ for UkrainePutin’s State Media News Is Interrupted: ‘They’re Lying to You’U.S. Sewer Data Warns of a New Bump in Covid Cases After LullPan","Fri, 11 Mar 2022 00:00:00 +0000",300750.SZ_2022-03-11,-0.3277,0.0,0.0|1.0|0.0|0.0,0.112|0.804|0.084|-0.3277
148,956cdacb-f722-3e22-8070-ca3b1f7fb2ae,300750.SZ,Panasonic to Test Production of 4680 Batteries for Tesla,"(Bloomberg) -- Panasonic Corp. is renovating a facility in Japan to start testing mass production of a new type of lithium-ion battery that’s championed by Tesla Inc. as the key to unlocking cheaper electric vehicles.Most Read from BloombergAmazon Is Raising Base Salary Cap to $350,000 From $160,000Ottawa Declares Emergency as Protests Spin ‘Out of Control’Redistricting Is Taking the Swing Out of U.S. Swing StatesMeta Renews Warning to EU It Will Be Forced to Pull FacebookPeter Thiel to Leave Me","Thu, 03 Feb 2022 01:21:23 +0000",300750.SZ_2022-02-03,-0.7845,0.0,0.0|1.0|0.0|0.0,0.132|0.842|0.026|-0.7845
149,3840c999-fdd4-3477-be3c-44c0bcefdf9e,300750.SZ,CATL Launches Battery Swap Solution EVOGO Featuring Modular Battery Swapping,"On January 18, Contemporary Amperex Energy Service Technology Ltd. (CAES), a wholly-owned subsidiary of Contemporary Amperex Technology Co. Ltd. (CATL), rolled out its battery swap solution EVOGO featuring modular battery swapping at its first online launch event. Comprised of battery blocks, fast battery swap stations and an app, EVOGO will be first launched in ten cities, said Chen Weifeng, general manager of CAES.","Tue, 18 Jan 2022 09:24:00 +0000",300750.SZ_2022-01-18,0.4588,0.3182,0.0|0.796|0.204|0.3182,0.029|0.881|0.09|0.4588
150,bffbaf25-955b-3690-bab4-4259d205d0e7,300750.SZ,Foreign Ownership of China Battery Giant Nears Inflection Point,"(Bloomberg) -- A peak could be around the corner for Contemporary Amperex Technology Co., if recent history on foreign ownership is any guide.Most Read from BloombergEarly Omicron Breakthroughs Show mRNA Vaccines’ WeaknessWhy Some Vaccinated People Resist Omicron and Others Don’tBiden Expects Russia to ‘Move In’ on Ukraine; Warns of SanctionsThailand to Resume Quarantine-Free Tourism as Covid EasesOmicron Is a Bigger Risk for the Young, Medical Data ShowsAfter months of buying, foreign funds own","Mon, 17 Jan 2022 22:30:00 +0000",300750.SZ_2022-01-17,-0.3612,0.0,0.0|1.0|0.0|0.0,0.048|0.952|0.0|-0.3612
151,402c57bf-349b-38fa-a22d-3ab06aabca77,300750.SZ,Apple Supplier TDK Looks Beyond Phones in Bid to Double Battery Sales,"(Bloomberg) -- TDK Corp. aims to double revenue from its lithium-ion battery business in five years by expanding usage beyond smartphones and PCs, an ambitious goal revealed for the first time by its top executive.Most Read from BloombergCypriot Scientist Says Deltacron Covid Variant Isn’t ErrorSingapore Breaks Down Covid Deaths by Vaccine, With Moderna Seeing Lowest RateWorld’s Biggest Crypto Fortune Began With a Friendly Poker GameHong Kong to Ban Transit Travelers From 150 Countries and Terri","Thu, 06 Jan 2022 21:00:00 +0000",300750.SZ_2022-01-06,0.2263,0.0,0.0|1.0|0.0|0.0,0.074|0.828|0.097|0.2263
152,e1818838-a4ba-30ae-824c-e8df2dfc016e,300750.SZ,Lightning eMotors Announces Strategic EV Battery Partnership for Supply of CATL Battery Systems,"LOVELAND, Colo., December 13, 2021--Lightning eMotors announces strategic commercial EV battery partnership for supply of CATL battery systems, diversifying battery supplier options","Mon, 13 Dec 2021 13:00:00 +0000",300750.SZ_2021-12-13,0.0,0.0,0.0|1.0|0.0|0.0,0.0|1.0|0.0|0.0
153,c01b4425-9b8c-3c3c-ae4b-55f511451eac,300750.SZ,Fear of Outages Is Boosting Chinese Battery Unicorn on IPO Track,"(Bloomberg) -- EcoFlow Inc., a Sequoia-backed portable battery maker, is betting on rising demand from outdoor enthusiasts and doomsday preppers to boost its business before an initial public offering in its hometown of Shenzhen, China.Most Read from BloombergZero Taxes, Golf and Beach Houses Create a Crypto Island ParadiseCan Indoor Farms Reach Skyscraper Height?China Is Building the World’s Largest National Park SystemBoris Johnson’s Furious MPs Worry That His Next Misstep Could Be FatalTwo ye","Thu, 09 Dec 2021 00:00:00 +0000",300750.SZ_2021-12-09,-0.6808,-0.2023,0.219|0.616|0.164|-0.2023,0.143|0.757|0.1|-0.6808
154,1d4c8874-36d7-3fab-936c-e5ca1b5f3256,300750.SZ,China’s Biggest Carmaker Eyes $157 Million for Mobility Division,"(Bloomberg) -- SAIC Motor Corp. is planning a fresh round of fundraising for its mobility service platform Xiangdao Chuxing, according to people familiar with the matter, as it seeks to stay competitive amid shifts in the automotive industry. Most Read from BloombergThe Hot New Trend For Hedge Funds Is—Finally—Female FoundersAutomating the War on Noise Pollution‘Ghost Signs’ Haunt London’s Reviving NeighborhoodsChina’s biggest carmaker, which counts Volkswagen AG and General Motors Co. as partne","Wed, 01 Dec 2021 04:00:01 +0000",300750.SZ_2021-12-01,-0.5423,0.0,0.0|1.0|0.0|0.0,0.085|0.849|0.066|-0.5423
